<?xml version="1.0" encoding="UTF-8"?>

<!--媒体平台相关配置-->
<config xsi:noNamespaceSchemaLocation="SDKSchema.xsd" xmlns:xsi="http://www.w3.org/2001/XMLSchema-instance" >

    <!--缓存队列 配置-->
    <offlineCache>
      <!-- 缓存队列长度 Android SDK 中不生效，iOS SDK 中生效-->
        <length>0</length>
        <!--缓存队列中发送重试时间间隔 单位 秒-->
        <queueExpirationSecs>60</queueExpirationSecs>
        <!--发送超时时间 单位 秒,Android SDK 不生效 -->
        <timeout>60</timeout>
    </offlineCache>

    <!--viewability监测参数配置-->
    <viewability>
        <!-- viewability监测的轮询时间间隔 单位 毫秒）-->
        <intervalTime>100</intervalTime>
        <!-- 满足viewability可见区域占总区域的百分比 -->
        <viewabilityFrame>50</viewabilityFrame>
        <!-- 满足图片viewability总时长 单位 秒 -->
        <viewabilityTime>1</viewabilityTime>
        <!-- 满足视频viewability总时长 单位 秒 -->
        <viewabilityVideoTime>2</viewabilityVideoTime>
        <!-- 当前广告位viewability最大监测时长 单位 秒 -->
        <maxExpirationSecs>120</maxExpirationSecs>
        <!-- 当前广告位上报的最大viewability时间片数量 -->
        <maxAmount>20</maxAmount>
    </viewability>

    <!--以下为各家第三方的具体配置，注释说明参考 AdMaster 的内容-->
    <companies>
        <company>
            <!-- 第三方公司名称-->
            <name>admaster</name>

            <!-- viewability Js方式监测 Js在线更新地址 e.g. http://xxxx.com.cn/docs/mma-sdk.js -->
            <jsurl></jsurl>
            <!-- viewability Js方式监测 离线js文件名称 e.g. mma_sdk.js-->
            <jsname></jsname>

            <domain>
                <!-- 第三方监测公司监测代码的HOST  -->
                <url>admaster.com.cn</url>
            </domain>

            <!-- 签名串信息-->
            <signature>
                <!-- 各家第三方配置一个值即可,目前暂未使用-->
                <publicKey>Z83476Hel</publicKey>
                <!-- 签名串信息回传的字段-->
                <paramKey>0b</paramKey>
            </signature>


            <switch>
                <!-- 是否发送地理位置信息 -->
                <isTrackLocation>false</isTrackLocation>
                <!-- 离线数据缓存时间，单位秒 -->
                <offlineCacheExpiration>259200</offlineCacheExpiration>
                <!-- 可视化监测采集策略 0 = TrackPositionChanged 位置改变时记录,1 = TrackVisibleChanged 可视改变时记录 -->
                <viewabilityTrackPolicy>0</viewabilityTrackPolicy>

                <!--属性加密配置-->
                <encrypt>
                    <!-- MAC 值需要做 md5 -->
                    <MAC>md5</MAC>
                    <!-- IDA 值需要做 md5,目前不生效-->
                    <IDA>md5</IDA>
                    <!-- IMEI 值需要做 md5 -->
                    <IMEI>md5</IMEI>
                    <!-- ANDROIDID 值需要做 md5 -->
                    <ANDROIDID>md5</ANDROIDID>
                </encrypt>

                <!--APPLIST上报配置-->
                <applist>
                    <!-- applist上报地址 e.g. https:xxxx.com.cn/track/applist -->
                    <uploadUrl>https://p.attri.mobi/a</uploadUrl>
                    <!-- applist上报时间间隔，单位为小时,配置为0时，不上报 -->
                    <uploadTime>24</uploadTime>
                    <!-- applist上报是否使用gzip,缺省为true -->
                    <usegzip>true</usegzip>
                </applist>
            </switch>

            <!--上报字段配置-->
            <config>
                <!--必选和常用可选参数(key需确定)-->
                <arguments>
                    <!--必选参数-->
                    <!-- 设备操作系统 -->
                    <argument>
                        <key>OS</key>
                        <value>0a</value>
                        <!-- 获取到的信息是否需要 URLEncode处理 -->
                        <urlEncode>true</urlEncode>
                        <!-- 获取到的信息是否需要上报 -->
                        <isRequired>true</isRequired>
                    </argument>
                    <!-- 监测代码请求发生时的时间戳 -->
                    <argument>
                        <key>TS</key>
                        <value>t</value>
                        <urlEncode>true</urlEncode>
                        <isRequired>true</isRequired>
                    </argument>
                    <!--用户终端的 eth0 接口的 MAC 地址-->
                    <argument>
                        <key>MAC</key>
                        <value>n</value>
                        <urlEncode>true</urlEncode>
                        <isRequired>true</isRequired>
                    </argument>
                    <!-- iOS IDFA(适用于iOS6及以上) -->
                    <argument>
                        <key>IDFA</key>
                        <value>z</value>
                        <urlEncode>true</urlEncode>
                        <isRequired>true</isRequired>
                    </argument>
                    <!-- iOS IDFA md5 加密值 -->
                    <argument>
                        <key>IDFAMD5</key>
                        <value>0j</value>
                        <urlEncode>true</urlEncode>
                        <isRequired>true</isRequired>
                    </argument>
                    <!-- Android IMEI 值 -->
                    <argument>
                        <key>IMEI</key>
                        <value>0c</value>
                        <urlEncode>true</urlEncode>
                        <isRequired>true</isRequired>
                    </argument>
                    <!-- Android AndroidID 值 -->
                    <argument>
                        <key>ANDROIDID</key>
                        <value>0d</value>
                        <urlEncode>true</urlEncode>
                        <isRequired>true</isRequired>
                    </argument>
                    <!-- 客户端触发监测时的网络状态 -->
                    <argument>
                        <key>WIFI</key>
                        <value>w</value>
                        <urlEncode>true</urlEncode>
                        <isRequired>true</isRequired>
                    </argument>
                    <!-- 无线路由 SSID -->
                    <argument>
                        <key>WIFISSID</key>
                        <value>1p</value>
                        <urlEncode>true</urlEncode>
                        <isRequired>true</isRequired>
                    </argument>
                    <!-- 无线路由 BSSID -->
                    <argument>
                        <key>WIFIBSSID</key>
                        <value>1q</value>
                        <urlEncode>true</urlEncode>
                        <isRequired>true</isRequired>
                    </argument>
                    <!-- APP的BundleId(PackageName) -->
                    <argument>
                        <key>AKEY</key>
                        <value>x</value>
                        <urlEncode>true</urlEncode>
                        <isRequired>true</isRequired>
                    </argument>
                    <!-- APP的名称 -->
                    <argument>
                        <key>ANAME</key>
                        <value>y</value>
                        <urlEncode>true</urlEncode>
                        <isRequired>true</isRequired>
                    </argument>

                    <!--可选参数-->
                    <!-- 设备的屏幕分辨率 -->
                    <argument>
                        <key>SCWH</key>
                        <value>0f</value>
                        <urlEncode>true</urlEncode>
                        <isRequired>true</isRequired>
                    </argument>
                    <!-- iOS OPENUDID 值 -->
                    <argument>
                        <key>OPENUDID</key>
                        <value>o</value>
                        <urlEncode>true</urlEncode>
                        <isRequired>true</isRequired>
                    </argument>
                    <!-- 设备的机型 -->
                    <argument>
                        <key>TERM</key>
                        <value>r</value>
                        <urlEncode>true</urlEncode>
                        <isRequired>true</isRequired>
                    </argument>
                    <!-- 设备的系统版本号 -->
                    <argument>
                        <key>OSVS</key>
                        <value>q</value>
                        <urlEncode>true</urlEncode>
                        <isRequired>true</isRequired>
                    </argument>
                    <!-- 设备的地理位置信息 -->
                    <argument>
                        <key>LBS</key>
                        <value>l</value>
                        <urlEncode>true</urlEncode>
                        <isRequired>true</isRequired>
                    </argument>
                    <!-- SDK版本号 -->
                    <argument>
                        <key>SDKVS</key>
                        <value>0l</value>
                        <urlEncode>true</urlEncode>
                        <isRequired>true</isRequired>
                    </argument>
                    <!-- 监测代码需要重定向的 URL -->
                    <argument>
                        <key>REDIRECTURL</key>
                        <value>u</value>
                        <urlEncode>true</urlEncode>
                        <isRequired>true</isRequired>
                    </argument>
                </arguments>

                <!--事件监测配置(暂时没有使用)-->
                <events>
                    <event>
                        <!--<name>m1</name>-->
                        <key>start</key>
                        <value>m201</value>
                        <urlEncode>true</urlEncode>
                    </event>
                    <event>
                        <!--<name>e1</name>-->
                        <key>end</key>
                        <value>m203</value>
                        <urlEncode>true</urlEncode>
                    </event>
                </events>


                <!-- 监测代码中广告位标识符 -->
                <Adplacement>
                    <argument>
                        <key>Adplacement</key>
                        <value>b</value>
                        <urlEncode>false</urlEncode>
                        <isRequired>false</isRequired>
                    </argument>
                </Adplacement>

                <!--viewability监测字段配置-->
                <viewabilityarguments>

                    <!-- 可视化监测识别ID -->
                    <argument>
                        <key>ImpressionID</key>
                        <value>2g</value>
                        <urlEncode>true</urlEncode>
                        <isRequired>true</isRequired>
                    </argument>

                    <!-- 采集属性 start -->
                    <!-- 可视化监测中采集的时间片信息 -->
                    <argument>
                        <key>AdviewabilityEvents</key>
                        <value>2j</value>
                        <urlEncode>true</urlEncode>
                        <isRequired>true</isRequired>
                    </argument>
                    <!-- 可视化采集中每个时间片的时间戳，单位 毫秒 -->
                    <argument>
                        <key>AdviewabilityTime</key>
                        <value>2t</value>
                        <urlEncode>true</urlEncode>
                        <isRequired>true</isRequired>
                    </argument>
                    <!-- 广告素材尺寸 -->
                    <argument>
                        <key>AdviewabilityFrame</key>
                        <value>2k</value>
                        <urlEncode>true</urlEncode>
                        <isRequired>true</isRequired>
                    </argument>
                    <!-- 广告素材左上角坐标 -->
                    <argument>
                        <key>AdviewabilityPoint</key>
                        <value>2d</value>
                        <urlEncode>true</urlEncode>
                        <isRequired>true</isRequired>
                    </argument>
                    <!-- 广告素材透明度 -->
                    <argument>
                        <key>AdviewabilityAlpha</key>
                        <value>2l</value>
                        <urlEncode>true</urlEncode>
                        <isRequired>true</isRequired>
                    </argument>
                    <!-- 广告素材是否显示 -->
                    <argument>
                        <key>AdviewabilityShown</key>
                        <value>2m</value>
                        <urlEncode>true</urlEncode>
                        <isRequired>true</isRequired>
                    </argument>
                    <!-- 广告素材被覆盖率 -->
                    <argument>
                        <key>AdviewabilityCoverRate</key>
                        <value>2n</value>
                        <urlEncode>true</urlEncode>
                        <isRequired>true</isRequired>
                    </argument>
                    <!-- 广告素材可视尺寸 -->
                    <argument>
                        <key>AdviewabilityShowFrame</key>
                        <value>2o</value>
                        <urlEncode>true</urlEncode>
                        <isRequired>true</isRequired>
                    </argument>
                    <!-- 屏幕是否点亮 -->
                    <argument>
                        <key>AdviewabilityLight</key>
                        <value>2r</value>
                        <urlEncode>true</urlEncode>
                        <isRequired>true</isRequired>
                    </argument>
                    <!-- APP是否在前台运行 -->
                    <argument>
                        <key>AdviewabilityForground</key>
                        <value>2s</value>
                        <urlEncode>true</urlEncode>
                        <isRequired>true</isRequired>
                    </argument>
                    <!-- 广告素材可见性 -->
                    <argument>
                        <key>Adviewability</key>
                        <value>2f</value>
                        <urlEncode>true</urlEncode>
                        <isRequired>true</isRequired>
                    </argument>
                    <!-- 广告素材可测量性 -->
                    <argument>
                        <key>AdMeasurability</key>
                        <value>2h</value>
                        <urlEncode>true</urlEncode>
                        <isRequired>true</isRequired>
                    </argument>
                    <!-- 采集属性 end -->

                    <!-- 配置属性 start -->
                    <!-- 满足可视条件时的覆盖率 -->
                    <argument>
                        <key>AdviewabilityConfigArea</key>
                        <value>2v</value>
                        <urlEncode>true</urlEncode>
                        <isRequired>true</isRequired>
                    </argument>
                    <!-- 满足可视条件时的时长 -->
                    <argument>
                        <key>AdviewabilityConfigThreshold</key>
                        <value>2u</value>
                        <urlEncode>true</urlEncode>
                        <isRequired>true</isRequired>
                    </argument>
                    <!-- 视频广告素材的总播放时长 -->
                    <argument>
                        <key>AdviewabilityVideoDuration</key>
                        <value>2w</value>
                        <urlEncode>true</urlEncode>
                        <isRequired>true</isRequired>
                    </argument>
                    <!-- 视频广告素材播放进度监测事件 -->
                    <argument>
                        <key>AdviewabilityVideoProgress</key>
                        <value>2a</value>
                        <urlEncode>true</urlEncode>
                        <isRequired>true</isRequired>
                    </argument>
                    <!-- 视频广告素材的播放类型 -->
                    <argument>
                        <key>AdviewabilityVideoPlayType</key>
                        <value>1g</value>
                        <urlEncode>true</urlEncode>
                        <isRequired>true</isRequired>
                    </argument>
                    <!-- 视频广告素材播放进度配置依次为:25%50%75%100% -->
                    <argument>
                        <key>AdviewabilityVideoProgressPoint</key>
                        <value>2x</value>
                        <urlEncode>true</urlEncode>
                        <isRequired>true</isRequired>
                    </argument>
                    <!-- 配置属性 end -->

                    <!-- 控制属性 start -->
                    <!-- 可视轨迹数据是否上报 -->
                   <!--
                    <argument>
                        <key>AdviewabilityRecord</key>
                        <value>va</value>
                        <urlEncode>true</urlEncode>
                        <isRequired>true</isRequired>
                    </argument>
                   -->
                    <!-- 控制属性 end -->

                </viewabilityarguments>
            </config>

            <!-- 监测代码中各个字段之间的分隔符 -->
            <separator>,</separator>
            <!-- 监测代码中 key 和 value 之间的连接符 -->
            <equalizer></equalizer>
            <!-- 监测代码请求发生的时间戳是否使用秒为单位 (false=毫秒) -->
            <timeStampUseSecond>true</timeStampUseSecond>
        </company>

        <company>
            <name>miaozhen</name>
            <!-- Viewability Js方式监测 Js在线更新地址 e.g. http://xxxx.com.cn/docs/mma-sdk.js -->
            <jsurl></jsurl>
            <!-- Viewability Js方式监测 离线js文件名称-->
            <jsname></jsname>
            <domain>
                <!-- 此处需修改为第三方检测公司监测代码的 host 部分 -->
                <url>.miaozhen.com</url>
            </domain>
            <signature>
                <publicKey>DbXiUlEVN</publicKey>
                <paramKey>mf</paramKey>
            </signature>
            <switch>
                <isTrackLocation>false</isTrackLocation>
                <!-- 失效时间，单位秒 -->
                <offlineCacheExpiration>604800</offlineCacheExpiration>
                <!-- 可视化监测采集策略 0 = TrackPositionChanged 位置改变时记录,1 = TrackVisibleChanged 可视改变时记录-->
                <viewabilityTrackPolicy>1</viewabilityTrackPolicy>
                <encrypt>
                    <MAC>md5</MAC>
                    <IDA>raw</IDA>
                    <IMEI>md5</IMEI>
                    <ANDROIDID>raw</ANDROIDID>
                </encrypt>
                <applist>
                    <!-- applist上报地址 e.g. https:xxxx.com.cn/track/applist -->
                    <uploadUrl>/apl/</uploadUrl>
                    <!-- applist上报时间间隔，单位为小时,配置为0时，不上报-->
                    <uploadTime>24</uploadTime>
                    <usegzip>false</usegzip>
                </applist>
            </switch>
            <config>
                <arguments>
                    <!--argument的必选和常用可选参数 key需确定-->
                    <!--必选函数-->
                    <argument>
                        <key>OS</key>
                        <value>mo</value>
                        <urlEncode>true</urlEncode>
                        <isRequired>true</isRequired>
                    </argument>
                    <argument>
                        <key>TS</key>
                        <value>mt</value>
                        <urlEncode>true</urlEncode>
                        <isRequired>true</isRequired>
                    </argument>
                    <argument>
                        <key>MAC</key>
                        <value>m6a</value>
                        <urlEncode>true</urlEncode>
                        <isRequired>true</isRequired>
                    </argument>
                    <argument>
                        <key>IDFA</key>
                        <value>m5</value>
                        <urlEncode>true</urlEncode>
                        <isRequired>true</isRequired>
                    </argument>
                    <argument>
                        <key>IMEI</key>
                        <value>m2</value>
                        <urlEncode>true</urlEncode>
                        <isRequired>true</isRequired>
                    </argument>
                    <argument>
                        <key>RAWIMEI</key>
                        <value>m3</value>
                        <urlEncode>true</urlEncode>
                        <isRequired>true</isRequired>
                    </argument>
                    <argument>
                        <key>ANDROIDID</key>
                        <value>m1</value>
                        <urlEncode>true</urlEncode>
                        <isRequired>true</isRequired>
                    </argument>
                    <argument>
                        <key>WIFI</key>
                        <value>mw</value>
                        <urlEncode>true</urlEncode>
                        <isRequired>true</isRequired>
                    </argument>
                    <argument>
                        <key>AKEY</key>
                        <value>mp</value>
                        <urlEncode>true</urlEncode>
                        <isRequired>true</isRequired>
                    </argument>
                    <argument>
                        <key>ANAME</key>
                        <value>mn</value>
                        <urlEncode>true</urlEncode>
                        <isRequired>true</isRequired>
                    </argument>
                    <!--可选函数-->
                    <argument>
                        <key>SCWH</key>
                        <value>mh</value>
                        <urlEncode>true</urlEncode>
                        <isRequired>true</isRequired>
                    </argument>
                    <!-- WiFi Name-->
                    <argument>
                        <key>WIFISSID</key>
                        <value>mj</value>
                        <urlEncode>true</urlEncode>
                        <isRequired>true</isRequired>
                    </argument>
                    <!-- WiFi MAC-->
                    <argument>
                        <key>WIFIBSSID</key>
                        <value>ml</value>
                        <urlEncode>true</urlEncode>
                        <isRequired>true</isRequired>
                    </argument>
                    <argument>
                        <key>OPENUDID</key>
                        <value>m0</value>
                        <urlEncode>true</urlEncode>
                        <isRequired>true</isRequired>
                    </argument>
                    <argument>
                        <key>TERM</key>
                        <value>md</value>
                        <urlEncode>true</urlEncode>
                        <isRequired>true</isRequired>
                    </argument>
                    <argument>
                        <key>OSVS</key>
                        <value>me</value>
                        <urlEncode>true</urlEncode>
                        <isRequired>true</isRequired>
                    </argument>
                    <argument>
                        <key>LBS</key>
                        <value>mm</value>
                        <urlEncode>true</urlEncode>
                        <isRequired>true</isRequired>
                    </argument>
                    <argument>
                        <key>SDKVS</key>
                        <value>mv</value>
                        <urlEncode>true</urlEncode>
                        <isRequired>true</isRequired>
                    </argument>
                    <argument>
                        <key>REDIRECTURL</key>
                        <value>o</value>
                        <urlEncode>true</urlEncode>
                        <isRequired>true</isRequired>
                    </argument>
                </arguments>
                <events>
                    <event>
                        <!--<name>m1</name>-->
                        <key>start</key>
                        <value>mb=start</value>
                        <urlEncode>true</urlEncode>
                    </event>
                    <event>
                        <!--<name>e1</name>-->
                        <key>end</key>
                        <value>mb=end</value>
                        <urlEncode>true</urlEncode>
                    </event>
                </events>
                <Adplacement>
                    <argument>
                        <key>Adplacement</key>
                        <value>p</value>
                        <urlEncode>false</urlEncode>
                        <isRequired>false</isRequired>
                    </argument>
                </Adplacement>
                <viewabilityarguments>
                    <argument>
                        <key>ImpressionID</key>
                        <value>vf</value>
                        <urlEncode>true</urlEncode>
                        <isRequired>true</isRequired>
                    </argument>
                    <argument>
                        <key>AdviewabilityRecord</key>
                        <value>va</value>
                        <urlEncode>true</urlEncode>
                        <isRequired>true</isRequired>
                    </argument>
                    <argument>
                        <key>AdviewabilityEvents</key>
                        <value>vd</value>
                        <urlEncode>true</urlEncode>
                        <isRequired>true</isRequired>
                    </argument>
                    <argument>
                        <key>AdviewabilityTime</key>
                        <value>1</value>
                        <urlEncode>true</urlEncode>
                        <isRequired>true</isRequired>
                    </argument>
                    <argument>
                        <key>AdviewabilityFrame</key>
                        <value>2</value>
                        <urlEncode>true</urlEncode>
                        <isRequired>true</isRequired>
                    </argument>
                    <argument>
                        <key>AdviewabilityPoint</key>
                        <value>3</value>
                        <urlEncode>true</urlEncode>
                        <isRequired>true</isRequired>
                    </argument>
                    <argument>
                        <key>AdviewabilityAlpha</key>
                        <value>4</value>
                        <urlEncode>true</urlEncode>
                        <isRequired>true</isRequired>
                    </argument>
                    <argument>
                        <key>AdviewabilityShown</key>
                        <value>5</value>
                        <urlEncode>true</urlEncode>
                        <isRequired>true</isRequired>
                    </argument>
                    <argument>
                        <key>AdviewabilityCoverRate</key>
                        <value>6</value>
                        <urlEncode>true</urlEncode>
                        <isRequired>true</isRequired>
                    </argument>
                    <argument>
                        <key>AdviewabilityShowFrame</key>
                        <value>7</value>
                        <urlEncode>true</urlEncode>
                        <isRequired>true</isRequired>
                    </argument>
                    <argument>
                        <key>AdviewabilityForground</key>
                        <value>8</value>
                        <urlEncode>true</urlEncode>
                        <isRequired>true</isRequired>
                    </argument>
                    <argument>
                        <key>AdviewabilityResult</key>
                        <value>vx</value>
                        <urlEncode>true</urlEncode>
                        <isRequired>true</isRequired>
                    </argument>
                    <argument>
                        <key>AdviewabilityConfigArea</key>
                        <value>vh</value>
                        <urlEncode>true</urlEncode>
                        <isRequired>true</isRequired>
                    </argument>
                    <argument>
                        <key>AdviewabilityConfigThreshold</key>
                        <value>vi</value>
                        <urlEncode>true</urlEncode>
                        <isRequired>true</isRequired>
                    </argument>
                    <argument>
                        <key>AdviewabilityVideoDuration</key>
                        <value>vb</value>
                        <urlEncode>true</urlEncode>
                        <isRequired>true</isRequired>
                    </argument>
                    <argument>
                        <key>AdviewabilityVideoProgress</key>
                        <value>vc</value>
                        <urlEncode>true</urlEncode>
                        <isRequired>true</isRequired>
                    </argument>
                    <argument>
                        <key>AdviewabilityVideoPlayType</key>
                        <value>vg</value>
                        <urlEncode>true</urlEncode>
                        <isRequired>true</isRequired>
                    </argument>
                    <argument>
                        <key>AdviewabilityVideoProgressPoint</key>
                        <value>vj</value>
                        <urlEncode>true</urlEncode>
                        <isRequired>true</isRequired>
                    </argument>
                </viewabilityarguments>
            </config>
            <separator>&amp;</separator>
            <!--<separator>&amp;</separator>-->
            <equalizer>=</equalizer>
            <!--如果设置true   timeStamper使用秒-->
            <timeStampUseSecond>true</timeStampUseSecond>
        </company>

        <company>
            <name>girdsum</name>
            <jsurl></jsurl>
            <jsname></jsname>
            <domain>
                <!-- 此处是监测数据提交地址的域名部分 -->
                <url>gridsumdissector.com</url>
                <!-- <url>10.0.2.2</url> -->
            </domain>
            <!--签名功能包所用的参数，如未设置，不使用签名功能-->
            <signature>
                <publicKey>fm6dOWUqZ</publicKey>
                <paramKey>sign</paramKey>
            </signature>
            <switch>
                <isTrackLocation>false</isTrackLocation>
                <!-- 失效时间，单位秒 -->
                <offlineCacheExpiration>604800</offlineCacheExpiration>
                <!-- 可视化监测采集策略 0 = TrackPositionChanged 位置改变时记录,1 = TrackVisibleChanged 可视改变时记录-->
                <viewabilityTrackPolicy>1</viewabilityTrackPolicy>
                <encrypt>
                    <MAC>raw</MAC>
                    <IDA>md5</IDA>
                    <IMEI>md5</IMEI>
                    <ANDROIDID>raw</ANDROIDID>
                </encrypt>
            </switch>
            <config>
                <arguments>
                    <!--argument的必选和常用可选参数 key需确定-->
                    <!--必选函数-->
                    <argument>
                        <key>OS</key>
                        <value>os</value>
                        <urlEncode>true</urlEncode>
                        <isRequired>true</isRequired>
                    </argument>

                    <argument>
                        <key>TS</key>
                        <value>ts</value>
                        <urlEncode>true</urlEncode>
                        <isRequired>true</isRequired>
                    </argument>

                    <argument>
                        <key>MAC</key>
                        <value>m</value>
                        <urlEncode>true</urlEncode>
                        <isRequired>true</isRequired>
                    </argument>

                    <argument>
                        <key>IDFA</key>
                        <value>if</value>
                        <urlEncode>true</urlEncode>
                        <isRequired>true</isRequired>
                    </argument>

                    <argument>
                        <key>IMEI</key>
                        <value>im</value>
                        <urlEncode>true</urlEncode>
                        <isRequired>true</isRequired>
                    </argument>

                    <argument>
                        <key>ANDROIDID</key>
                        <value>aid</value>
                        <urlEncode>true</urlEncode>
                        <isRequired>true</isRequired>
                    </argument>

                    <argument>
                        <key>WIFI</key>
                        <value>wifi</value>
                        <urlEncode>true</urlEncode>
                        <isRequired>true</isRequired>
                    </argument>

                    <argument>
                        <key>AKEY</key>
                        <value>ak</value>
                        <urlEncode>true</urlEncode>
                        <isRequired>true</isRequired>
                    </argument>

                    <argument>
                        <key>ANAME</key>
                        <value>an</value>
                        <urlEncode>true</urlEncode>
                        <isRequired>true</isRequired>
                    </argument>

                    <!--可选函数-->
                    <argument>
                        <key>SCWH</key>
                        <value>scwh</value>
                        <urlEncode>true</urlEncode>
                        <isRequired>true</isRequired>
                    </argument>

                    <argument>
                        <key>OPENUDID</key>
                        <value>oid</value>
                        <urlEncode>true</urlEncode>
                        <isRequired>true</isRequired>
                    </argument>

                    <argument>
                        <key>ODIN</key>
                        <value>odin</value>
                        <urlEncode>true</urlEncode>
                        <isRequired>true</isRequired>
                    </argument>

                    <argument>
                        <key>TERM</key>
                        <value>term</value>
                        <urlEncode>true</urlEncode>
                        <isRequired>true</isRequired>
                    </argument>

                    <argument>
                        <key>OSVS</key>
                        <value>osvs</value>
                        <urlEncode>true</urlEncode>
                        <isRequired>true</isRequired>
                    </argument>

                    <argument>
                        <key>LBS</key>
                        <value>lbs</value>
                        <urlEncode>true</urlEncode>
                        <isRequired>true</isRequired>
                    </argument>

                    <argument>
                        <key>MUID</key>
                        <value>mid</value>
                        <urlEncode>true</urlEncode>
                        <isRequired>true</isRequired>
                    </argument>

                    <argument>
                        <key>MUDS</key>
                        <value>muds</value>
                        <urlEncode>true</urlEncode>
                        <isRequired>true</isRequired>
                    </argument>

                    <argument>
                        <key>REDIRECTURL</key>
                        <value>u</value>
                        <urlEncode>true</urlEncode>
                        <isRequired>true</isRequired>
                    </argument>
                    <argument>
                        <key>SDKVS</key>
                        <value>sdkvs</value>
                        <urlEncode>true</urlEncode>
                        <isRequired>true</isRequired>
                    </argument>
                </arguments>
                <events>
                    <event>
                        <!--<name>m1</name>-->
                        <key>start</key>
                        <value>m201</value>
                        <urlEncode>true</urlEncode>
                    </event>
                    <event>
                        <!--<name>e1</name>-->
                        <key>end</key>
                        <value>m203</value>
                        <urlEncode>true</urlEncode>
                    </event>
                </events>

                <!-- 广告位标识符 -->
                <Adplacement>
                    <argument>
                        <key>Adplacement</key>
                        <value>ap</value>
                        <urlEncode>false</urlEncode>
                        <isRequired>false</isRequired>
                    </argument>
                </Adplacement>

                <viewabilityarguments>
                    <!-- 可视监测识别ID -->
                    <argument>
                        <key>ImpressionID</key>
                        <value>viid</value>
                        <urlEncode>true</urlEncode>
                        <isRequired>true</isRequired>
                    </argument>
                    <!-- 采集属性 start -->
                    <!-- 可视视图采集轨迹数据 -->
                    <argument>
                        <key>AdviewabilityEvents</key>
                        <value>ve</value>
                        <urlEncode>true</urlEncode>
                        <isRequired>true</isRequired>
                    </argument>
                    <!-- 可视视图采集点时间戳 -->
                    <argument>
                        <key>AdviewabilityTime</key>
                        <value>vts</value>
                        <urlEncode>true</urlEncode>
                        <isRequired>true</isRequired>
                    </argument>
                    <!-- 可视视图尺寸 -->
                    <argument>
                        <key>AdviewabilityFrame</key>
                        <value>vf</value>
                        <urlEncode>true</urlEncode>
                        <isRequired>true</isRequired>
                    </argument>
                    <!-- 视图可视区域坐标 -->
                    <argument>
                        <key>AdviewabilityPoint</key>
                        <value>vp</value>
                        <urlEncode>true</urlEncode>
                        <isRequired>true</isRequired>
                    </argument>
                    <!-- 可视视图透明度 -->
                    <argument>
                        <key>AdviewabilityAlpha</key>
                        <value>va</value>
                        <urlEncode>true</urlEncode>
                        <isRequired>true</isRequired>
                    </argument>
                    <!-- 可视视图是否显示 -->
                    <argument>
                        <key>AdviewabilityShown</key>
                        <value>vs</value>
                        <urlEncode>true</urlEncode>
                        <isRequired>true</isRequired>
                    </argument>
                    <!-- 可视视图被覆盖率 -->
                    <argument>
                        <key>AdviewabilityCoverRate</key>
                        <value>vc</value>
                        <urlEncode>true</urlEncode>
                        <isRequired>true</isRequired>
                    </argument>
                    <!-- 视图可视尺寸 -->
                    <argument>
                        <key>AdviewabilityShowFrame</key>
                        <value>vsf</value>
                        <urlEncode>true</urlEncode>
                        <isRequired>true</isRequired>
                    </argument>
                    <!-- 屏幕是否点亮 -->
                    <argument>
                        <key>AdviewabilityLight</key>
                        <value>vl</value>
                        <urlEncode>true</urlEncode>
                        <isRequired>true</isRequired>
                    </argument>
                    <!-- APP是否在前台运行 -->
                    <argument>
                        <key>AdviewabilityForground</key>
                        <value>vfg</value>
                        <urlEncode>true</urlEncode>
                        <isRequired>true</isRequired>
                    </argument>
                    <!-- 可视视图可见性 -->
                    <argument>
                        <key>Adviewability</key>
                        <value>vab</value>
                        <urlEncode>true</urlEncode>
                        <isRequired>true</isRequired>
                    </argument>
                    <!-- 可视视图可测量性 -->
                    <argument>
                        <key>AdMeasurability</key>
                        <value>vm</value>
                        <urlEncode>true</urlEncode>
                        <isRequired>true</isRequired>
                    </argument>
                    <!-- 采集属性 end -->

                    <!-- 配置属性 start -->
                    <!-- 满足可视覆盖率 -->
                    <argument>
                        <key>AdviewabilityConfigArea</key>
                        <value>vca</value>
                        <urlEncode>true</urlEncode>
                        <isRequired>true</isRequired>
                    </argument>
                    <!-- 满足可视时长 -->
                    <argument>
                        <key>AdviewabilityConfigThreshold</key>
                        <value>vct</value>
                        <urlEncode>true</urlEncode>
                        <isRequired>true</isRequired>
                    </argument>
                    <!-- 可视视频播放时长 -->
                    <argument>
                        <key>AdviewabilityVideoDuration</key>
                        <value>vcvd</value>
                        <urlEncode>true</urlEncode>
                        <isRequired>true</isRequired>
                    </argument>
                    <!-- 可视视频播放进度监测事件类型 -->
                    <argument>
                        <key>AdviewabilityVideoProgress</key>
                        <value>vcvp</value>
                        <urlEncode>true</urlEncode>
                        <isRequired>true</isRequired>
                    </argument>
                    <!-- 可视监测传入的视频播放类型 -->
                    <argument>
                        <key>AdviewabilityVideoPlayType</key>
                        <value>vcpt</value>
                        <urlEncode>true</urlEncode>
                        <isRequired>true</isRequired>
                    </argument>
                    <!-- 视频可视化播放进度配置依次为:25%50%75%100% -->
                    <argument>
                        <key>AdviewabilityVideoProgressPoint</key>
                        <value>vcpp</value>
                        <urlEncode>true</urlEncode>
                        <isRequired>true</isRequired>
                    </argument>
                </viewabilityarguments>
            </config>
            <separator>&amp;</separator>
            <!--<separator>&amp;</separator>-->
            <equalizer>=</equalizer>
            <!--如果设置true   timeStamper使用秒-->
            <timeStampUseSecond>true</timeStampUseSecond>
        </company>


        <company>
            <name>adbug</name>
            <!-- JS监测在线更新地址 -->
            <jsurl>https://cdn2.hegek7.com/mma/atvam.js</jsurl>
            <jsname>atvam.js</jsname>
            <domain>
                <!-- 此处需修改为第三方检测公司监测代码的 host 部分 -->
                <url>cdn2.hegek7.com</url>
            </domain>
            <signature>
                <publicKey>zfAfwZm7B</publicKey>
                <paramKey>sign</paramKey>
            </signature>
            <switch>
                <isTrackLocation>false</isTrackLocation>
                <!-- 失效时间，单位秒 -->
                <offlineCacheExpiration>259200</offlineCacheExpiration>
                <encrypt>
                    <MAC>md5</MAC>
                    <IDA>md5</IDA>
                    <IMEI>md5</IMEI>
                    <ANDROIDID>raw</ANDROIDID>
                </encrypt>
            </switch>
            <config>
                <arguments>
                    <!--argument的必选和常用可选参数 key需确定-->
                    <!--必选函数-->
                    <argument>
                        <key>OS</key>
                        <value>0a</value>
                        <urlEncode>true</urlEncode>
                        <isRequired>true</isRequired>
                    </argument>

                    <argument>
                        <key>TS</key>
                        <value>t</value>
                        <urlEncode>true</urlEncode>
                        <isRequired>true</isRequired>
                    </argument>

                    <argument>
                        <key>MAC</key>
                        <value>n</value>
                        <urlEncode>true</urlEncode>
                        <isRequired>true</isRequired>
                    </argument>

                    <argument>
                        <key>IDFA</key>
                        <value>z</value>
                        <urlEncode>true</urlEncode>
                        <isRequired>true</isRequired>
                    </argument>

                    <argument>
                        <key>IDFAMD5</key>
                        <value>0j</value>
                        <urlEncode>true</urlEncode>
                        <isRequired>true</isRequired>
                    </argument>
                    <argument>
                        <key>ANDROIDID</key>
                        <value>0d</value>
                        <urlEncode>true</urlEncode>
                        <isRequired>true</isRequired>
                    </argument>

                    <argument>
                        <key>WIFI</key>
                        <value>w</value>
                        <urlEncode>true</urlEncode>
                        <isRequired>true</isRequired>
                    </argument>

                    <argument>
                        <key>AKEY</key>
                        <value>x</value>
                        <urlEncode>true</urlEncode>
                        <isRequired>true</isRequired>
                    </argument>

                    <argument>
                        <key>ANAME</key>
                        <value>y</value>
                        <urlEncode>true</urlEncode>
                        <isRequired>true</isRequired>
                    </argument>
                    <!--可选函数-->
                    <argument>
                        <key>SCWH</key>
                        <value>0f</value>
                        <urlEncode>true</urlEncode>
                        <isRequired>true</isRequired>
                    </argument>

                    <argument>
                        <key>OPENUDID</key>
                        <value>o</value>
                        <urlEncode>true</urlEncode>
                        <isRequired>true</isRequired>
                    </argument>
                    <argument>
                        <key>TERM</key>
                        <value>r</value>
                        <urlEncode>true</urlEncode>
                        <isRequired>true</isRequired>
                    </argument>

                    <argument>
                        <key>OSVS</key>
                        <value>q</value>
                        <urlEncode>true</urlEncode>
                        <isRequired>true</isRequired>
                    </argument>

                    <argument>
                        <key>LBS</key>
                        <value>l</value>
                        <urlEncode>true</urlEncode>
                        <isRequired>true</isRequired>
                    </argument>
                    <argument>
                        <key>SDKVS</key>
                        <value>0l</value>
                        <urlEncode>true</urlEncode>
                        <isRequired>true</isRequired>
                    </argument>
                    <argument>
                        <key>REDIRECTURL</key>
                        <value>u</value>
                        <urlEncode>true</urlEncode>
                        <isRequired>true</isRequired>
                    </argument>
                </arguments>
                <events>
                    <event>
                        <!--<name>m1</name>-->
                        <key>start</key>
                        <value>m201</value>
                        <urlEncode>true</urlEncode>
                    </event>
                    <event>
                        <!--<name>e1</name>-->
                        <key>end</key>
                        <value>m203</value>
                        <urlEncode>true</urlEncode>
                    </event>
                </events>
                <Adplacement>
                    <argument>
                        <key>Adplacement</key>
                        <value>b</value>
                        <urlEncode>false</urlEncode>
                        <isRequired>false</isRequired>
                    </argument>

                </Adplacement>

                <viewabilityarguments>
                    <argument>
                        <key>ImpressionID</key>
                        <value>2g</value>
                        <urlEncode>true</urlEncode>
                        <isRequired>true</isRequired>
                    </argument>

                    <argument>
                        <key>AdviewabilityEvents</key>
                        <value>2j</value>
                        <urlEncode>true</urlEncode>
                        <isRequired>true</isRequired>
                    </argument>
                    <argument>
                        <key>AdviewabilityTime</key>
                        <value>2t</value>
                        <urlEncode>true</urlEncode>
                        <isRequired>true</isRequired>
                    </argument>
                    <argument>
                        <key>AdviewabilityFrame</key>
                        <value>2k</value>
                        <urlEncode>true</urlEncode>
                        <isRequired>true</isRequired>
                    </argument>
                    <argument>
                        <key>AdviewabilityPoint</key>
                        <value>2d</value>
                        <urlEncode>true</urlEncode>
                        <isRequired>true</isRequired>
                    </argument>
                    <argument>
                        <key>AdviewabilityAlpha</key>
                        <value>2l</value>
                        <urlEncode>true</urlEncode>
                        <isRequired>true</isRequired>
                    </argument>
                    <argument>
                        <key>AdviewabilityHide</key>
                        <value>2m</value>
                        <urlEncode>true</urlEncode>
                        <isRequired>true</isRequired>
                    </argument>
                    <argument>
                        <key>AdviewabilityCoverRate</key>
                        <value>2n</value>
                        <urlEncode>true</urlEncode>
                        <isRequired>true</isRequired>
                    </argument>
                    <argument>
                        <key>AdviewabilityShowFrame</key>
                        <value>2o</value>
                        <urlEncode>true</urlEncode>
                        <isRequired>true</isRequired>
                    </argument>
                    <argument>
                        <key>AdviewabilityLight</key>
                        <value>2r</value>
                        <urlEncode>true</urlEncode>
                        <isRequired>true</isRequired>
                    </argument>
                    <argument>
                        <key>AdviewabilityForground</key>
                        <value>2s</value>
                        <urlEncode>true</urlEncode>
                        <isRequired>true</isRequired>
                    </argument>
                    <argument>
                        <key>Adviewability</key>
                        <value>2f</value>
                        <urlEncode>true</urlEncode>
                        <isRequired>true</isRequired>
                    </argument>
                    <argument>
                        <key>AdMeasurability</key>
                        <value>2h</value>
                        <urlEncode>true</urlEncode>
                        <isRequired>true</isRequired>
                    </argument>

                </viewabilityarguments>
            </config>
            <!-- <separator>,</separator> -->
            <separator>&amp;</separator>
            <equalizer></equalizer>
            <!--如果设置true   timeStamper使用秒-->
            <timeStampUseSecond>true</timeStampUseSecond>
        </company>


        <company>
            <name>rtbasia</name>
            <!-- Viewability Js方式监测 Js在线更新地址 e.g. http://xxxx.com.cn/docs/mma-sdk.js -->
            <jsurl></jsurl>
            <!-- Viewability Js方式监测 离线js文件名称-->
            <jsname></jsname>
            <domain>
                <!-- 此处需修改为第三方检测公司监测代码的 host 部分 -->
                <url>.rtbasia.com</url>
            </domain>
            <signature>
                <publicKey>H9sYdua8k</publicKey>
                <paramKey>rbk</paramKey>
            </signature>
            <switch>
                <isTrackLocation>false</isTrackLocation>
                <!-- 失效时间，单位秒 -->
                <offlineCacheExpiration>604800</offlineCacheExpiration>
                <!-- 可视化监测采集策略 0 = TrackPositionChanged 位置改变时记录,1 = TrackVisibleChanged 可视改变时记录-->
                <viewabilityTrackPolicy>1</viewabilityTrackPolicy>
                <encrypt>
                    <MAC>raw</MAC>
                    <IDA>raw</IDA>
                    <IMEI>raw</IMEI>
                    <ANDROIDID>raw</ANDROIDID>
                </encrypt>
                <applist>
                    <!-- applist上报地址 e.g. https:xxxx.com.cn/track/applist -->
                    <uploadUrl>/apl/</uploadUrl>
                    <!-- applist上报时间间隔，单位为小时,配置为0时，不上报-->
                    <uploadTime>0</uploadTime>
                </applist>
            </switch>
            <config>
                <arguments>
                    <!--argument的必选和常用可选参数 key需确定-->
                    <!--必选函数-->
                    <argument>
                        <key>OS</key>
                        <value>ros</value>
                        <urlEncode>true</urlEncode>
                        <isRequired>true</isRequired>
                    </argument>
                    <argument>
                        <key>TS</key>
                        <value>rts</value>
                        <urlEncode>true</urlEncode>
                        <isRequired>true</isRequired>
                    </argument>
                    <argument>
                        <key>MAC</key>
                        <value>rmc</value>
                        <urlEncode>true</urlEncode>
                        <isRequired>true</isRequired>
                    </argument>
                    <argument>
                        <key>IDFA</key>
                        <value>rif</value>
                        <urlEncode>true</urlEncode>
                        <isRequired>true</isRequired>
                    </argument>
                    <argument>
                        <key>IMEI</key>
                        <value>rim</value>
                        <urlEncode>true</urlEncode>
                        <isRequired>true</isRequired>
                    </argument>
                    <argument>
                        <key>ANDROIDID</key>
                        <value>ranid</value>
                        <urlEncode>true</urlEncode>
                        <isRequired>true</isRequired>
                    </argument>
                    <argument>
                        <key>WIFI</key>
                        <value>rwf</value>
                        <urlEncode>true</urlEncode>
                        <isRequired>true</isRequired>
                    </argument>
                    <argument>
                        <key>AKEY</key>
                        <value>rak</value>
                        <urlEncode>true</urlEncode>
                        <isRequired>true</isRequired>
                    </argument>
                    <argument>
                        <key>ANAME</key>
                        <value>rnm</value>
                        <urlEncode>true</urlEncode>
                        <isRequired>true</isRequired>
                    </argument>
                    <!--可选函数-->
                    <argument>
                        <key>SCWH</key>
                        <value>rscwh</value>
                        <urlEncode>true</urlEncode>
                        <isRequired>true</isRequired>
                    </argument>
                    <!-- WiFi Name-->
                    <argument>
                        <key>WIFISSID</key>
                        <value>rssid</value>
                        <urlEncode>true</urlEncode>
                        <isRequired>true</isRequired>
                    </argument>
                    <!-- WiFi MAC-->
                    <argument>
                        <key>WIFIBSSID</key>
                        <value>rbssid</value>
                        <urlEncode>true</urlEncode>
                        <isRequired>true</isRequired>
                    </argument>
                    <argument>
                        <key>OPENUDID</key>
                        <value>rouid</value>
                        <urlEncode>true</urlEncode>
                        <isRequired>true</isRequired>
                    </argument>
                    <argument>
                        <key>TERM</key>
                        <value>rterm</value>
                        <urlEncode>true</urlEncode>
                        <isRequired>true</isRequired>
                    </argument>
                    <argument>
                        <key>OSVS</key>
                        <value>rosv</value>
                        <urlEncode>true</urlEncode>
                        <isRequired>true</isRequired>
                    </argument>
                    <argument>
                        <key>LBS</key>
                        <value>rlbs</value>
                        <urlEncode>true</urlEncode>
                        <isRequired>true</isRequired>
                    </argument>
                    <argument>
                        <key>SDKVS</key>
                        <value>rsdkv</value>
                        <urlEncode>true</urlEncode>
                        <isRequired>true</isRequired>
                    </argument>
                    <argument>
                        <key>REDIRECTURL</key>
                        <value>rrd</value>
                        <urlEncode>true</urlEncode>
                        <isRequired>true</isRequired>
                    </argument>
                </arguments>
                <events>
                    <event>
                        <!--<name>m1</name>-->
                        <key>start</key>
                        <value>ev01</value>
                        <urlEncode>true</urlEncode>
                    </event>
                    <event>
                        <!--<name>e1</name>-->
                        <key>end</key>
                        <value>ev02</value>
                        <urlEncode>true</urlEncode>
                    </event>
                </events>
                <Adplacement>
                    <argument>
                        <key>Adplacement</key>
                        <value>p</value>
                        <urlEncode>false</urlEncode>
                        <isRequired>false</isRequired>
                    </argument>
                </Adplacement>
                <viewabilityarguments>
                    <argument>
                        <key>ImpressionID</key>
                        <value>vimp</value>
                        <urlEncode>true</urlEncode>
                        <isRequired>true</isRequired>
                    </argument>
                    <argument>
                        <key>AdviewabilityRecord</key>
                        <value>vrc</value>
                        <urlEncode>true</urlEncode>
                        <isRequired>true</isRequired>
                    </argument>
                    <argument>
                        <key>AdviewabilityEvents</key>
                        <value>vev</value>
                        <urlEncode>true</urlEncode>
                        <isRequired>true</isRequired>
                    </argument>
                    <argument>
                        <key>AdviewabilityTime</key>
                        <value>vt</value>
                        <urlEncode>true</urlEncode>
                        <isRequired>true</isRequired>
                    </argument>
                    <argument>
                        <key>AdviewabilityFrame</key>
                        <value>vf</value>
                        <urlEncode>true</urlEncode>
                        <isRequired>true</isRequired>
                    </argument>
                    <argument>
                        <key>AdviewabilityPoint</key>
                        <value>vp</value>
                        <urlEncode>true</urlEncode>
                        <isRequired>true</isRequired>
                    </argument>
                    <argument>
                        <key>AdviewabilityAlpha</key>
                        <value>va</value>
                        <urlEncode>true</urlEncode>
                        <isRequired>true</isRequired>
                    </argument>
                    <argument>
                        <key>AdviewabilityShown</key>
                        <value>vs</value>
                        <urlEncode>true</urlEncode>
                        <isRequired>true</isRequired>
                    </argument>
                    <argument>
                        <key>AdviewabilityCoverRate</key>
                        <value>vcr</value>
                        <urlEncode>true</urlEncode>
                        <isRequired>true</isRequired>
                    </argument>
                    <argument>
                        <key>AdviewabilityShowFrame</key>
                        <value>vsf</value>
                        <urlEncode>true</urlEncode>
                        <isRequired>true</isRequired>
                    </argument>
                    <argument>
                        <key>AdviewabilityForground</key>
                        <value>vfg</value>
                        <urlEncode>true</urlEncode>
                        <isRequired>true</isRequired>
                    </argument>
                    <argument>
                        <key>AdviewabilityResult</key>
                        <value>vrr</value>
                        <urlEncode>true</urlEncode>
                        <isRequired>true</isRequired>
                    </argument>
                    <argument>
                        <key>AdviewabilityConfigArea</key>
                        <value>vca</value>
                        <urlEncode>true</urlEncode>
                        <isRequired>true</isRequired>
                    </argument>
                    <argument>
                        <key>AdviewabilityConfigThreshold</key>
                        <value>vct</value>
                        <urlEncode>true</urlEncode>
                        <isRequired>true</isRequired>
                    </argument>
                    <argument>
                        <key>AdviewabilityVideoDuration</key>
                        <value>vvd</value>
                        <urlEncode>true</urlEncode>
                        <isRequired>true</isRequired>
                    </argument>
                    <argument>
                        <key>AdviewabilityVideoProgress</key>
                        <value>vvp</value>
                        <urlEncode>true</urlEncode>
                        <isRequired>true</isRequired>
                    </argument>
                    <argument>
                        <key>AdviewabilityVideoPlayType</key>
                        <value>vvpt</value>
                        <urlEncode>true</urlEncode>
                        <isRequired>true</isRequired>
                    </argument>
                    <argument>
                        <key>AdviewabilityVideoProgressPoint</key>
                        <value>vvpp</value>
                        <urlEncode>true</urlEncode>
                        <isRequired>true</isRequired>
                    </argument>
                </viewabilityarguments>
            </config>
            <separator>&amp;</separator>
            <!--<separator>&amp;</separator>-->
            <equalizer>=</equalizer>
            <!--如果设置true   timeStamper使用秒-->
            <timeStampUseSecond>true</timeStampUseSecond>
        </company>

    </companies>
</config>
