{"v":"5.1.15","fr":30,"ip":60,"op":180,"w":176,"h":130,"nm":"最终导出lottie-1","ddd":0,"assets":[{"id":"comp_0","layers":[{"ddd":0,"ind":3,"ty":0,"nm":"numbers10-3","refId":"comp_1","sr":1,"ks":{"o":{"a":0,"k":100,"ix":11},"r":{"a":0,"k":0,"ix":10},"p":{"a":0,"k":[450,396,0],"ix":2},"a":{"a":0,"k":[450,396,0],"ix":1},"s":{"a":0,"k":[100,100,100],"ix":6}},"ao":0,"w":900,"h":792,"ip":60,"op":181,"st":60,"bm":0},{"ddd":0,"ind":4,"ty":0,"nm":"numbers10-2","refId":"comp_3","sr":1,"ks":{"o":{"a":0,"k":100,"ix":11},"r":{"a":0,"k":0,"ix":10},"p":{"a":0,"k":[450,396,0],"ix":2},"a":{"a":0,"k":[450,396,0],"ix":1},"s":{"a":0,"k":[100,100,100],"ix":6}},"ao":0,"w":900,"h":792,"ip":90,"op":181,"st":90,"bm":0},{"ddd":0,"ind":5,"ty":0,"nm":"numbers10-1","refId":"comp_5","sr":1,"ks":{"o":{"a":0,"k":100,"ix":11},"r":{"a":0,"k":0,"ix":10},"p":{"a":0,"k":[450,396,0],"ix":2},"a":{"a":0,"k":[450,396,0],"ix":1},"s":{"a":0,"k":[100,100,100],"ix":6}},"ao":0,"w":900,"h":792,"ip":120,"op":181,"st":120,"bm":0},{"ddd":0,"ind":6,"ty":0,"nm":"numbers10-0","refId":"comp_7","sr":1,"ks":{"o":{"a":0,"k":100,"ix":11},"r":{"a":0,"k":0,"ix":10},"p":{"a":0,"k":[450,396,0],"ix":2},"a":{"a":0,"k":[450,396,0],"ix":1},"s":{"a":0,"k":[100,100,100],"ix":6}},"ao":0,"w":900,"h":792,"ip":150,"op":181,"st":150,"bm":0},{"ddd":0,"ind":7,"ty":0,"nm":"caidailoop 2","refId":"comp_9","sr":1,"ks":{"o":{"a":0,"k":100,"ix":11},"r":{"a":0,"k":0,"ix":10},"p":{"a":0,"k":[450,356,0],"ix":2},"a":{"a":0,"k":[450,396,0],"ix":1},"s":{"a":0,"k":[100,100,100],"ix":6}},"ao":0,"w":900,"h":792,"ip":240,"op":240.30303030303,"st":240,"bm":0},{"ddd":0,"ind":8,"ty":0,"nm":"caidailoop 2","refId":"comp_9","sr":1,"ks":{"o":{"a":0,"k":100,"ix":11},"r":{"a":0,"k":0,"ix":10},"p":{"a":0,"k":[450,356,0],"ix":2},"a":{"a":0,"k":[450,396,0],"ix":1},"s":{"a":0,"k":[100,100,100],"ix":6}},"ao":0,"w":900,"h":792,"ip":120,"op":181,"st":120,"bm":0},{"ddd":0,"ind":9,"ty":0,"nm":"caidailoop 2","refId":"comp_9","sr":1,"ks":{"o":{"a":0,"k":100,"ix":11},"r":{"a":0,"k":0,"ix":10},"p":{"a":0,"k":[450,356,0],"ix":2},"a":{"a":0,"k":[450,396,0],"ix":1},"s":{"a":0,"k":[100,100,100],"ix":6}},"ao":0,"w":900,"h":792,"ip":0,"op":120,"st":0,"bm":0}]},{"id":"comp_1","layers":[{"ddd":0,"ind":1,"ty":4,"nm":"Path 11 ∩ 3 1","sr":1,"ks":{"o":{"a":1,"k":[{"i":{"x":[0.833],"y":[0.833]},"o":{"x":[0.167],"y":[0.167]},"n":["0p833_0p833_0p167_0p167"],"t":20,"s":[100],"e":[0]},{"t":30}],"ix":11},"r":{"a":0,"k":0,"ix":10},"p":{"a":1,"k":[{"i":{"x":0.667,"y":1},"o":{"x":0.167,"y":0.167},"n":"0p667_1_0p167_0p167","t":19,"s":[467.629,327.614,0],"e":[473.629,359.84,0],"to":[1,5.37088775634766,0],"ti":[-1,-5.37088775634766,0]},{"t":23}],"ix":2},"a":{"a":0,"k":[91.106,78.278,0],"ix":1},"s":{"a":0,"k":[32.143,32.143,100],"ix":6}},"ao":0,"shapes":[{"ty":"gr","it":[{"ind":0,"ty":"sh","ix":1,"ks":{"a":0,"k":{"i":[[0,0],[-1.66,12.73],[0,0],[20.3,-0.5],[3.48,0.14],[0,0]],"o":[[13.43,-1.36],[0,0],[-11.46,7.27],[-3.77,0.22],[0,0],[0,0]],"v":[[16.64,21.14],[39.27,0],[58.51,38.41],[10.88,50.07],[0,50.19],[16.64,21.14]],"c":true},"ix":2},"nm":"Path 1","mn":"ADBE Vector Shape - Group","hd":false},{"ty":"fl","c":{"a":0,"k":[1,0.172549024224,0.333333343267,1],"ix":4},"o":{"a":0,"k":100,"ix":5},"r":1,"nm":"Fill 1","mn":"ADBE Vector Graphic - Fill","hd":false},{"ty":"tr","p":{"a":0,"k":[0,0],"ix":2},"a":{"a":0,"k":[0,0],"ix":1},"s":{"a":0,"k":[311.419,311.419],"ix":3},"r":{"a":0,"k":0,"ix":6},"o":{"a":0,"k":100,"ix":7},"sk":{"a":0,"k":0,"ix":4},"sa":{"a":0,"k":0,"ix":5},"nm":"Transform"}],"nm":"Group 1","np":2,"cix":2,"ix":1,"mn":"ADBE Vector Group","hd":false}],"ip":19,"op":469,"st":19,"bm":0},{"ddd":0,"ind":2,"ty":4,"nm":"Path 11 ∩ 3","sr":1,"ks":{"o":{"a":1,"k":[{"i":{"x":[0.833],"y":[0.833]},"o":{"x":[0.167],"y":[0.167]},"n":["0p833_0p833_0p167_0p167"],"t":19,"s":[100],"e":[0]},{"t":29}],"ix":11},"r":{"a":0,"k":0,"ix":10},"p":{"a":1,"k":[{"i":{"x":0.667,"y":1},"o":{"x":0.167,"y":0.167},"n":"0p667_1_0p167_0p167","t":19,"s":[416.379,330.937,0],"e":[400.879,351.437,0],"to":[-2.58333325386047,3.41666674613953,0],"ti":[2.58333325386047,-3.41666674613953,0]},{"t":23}],"ix":2},"a":{"a":0,"k":[56.133,65.476,0],"ix":1},"s":{"a":0,"k":[32.143,32.143,100],"ix":6}},"ao":0,"shapes":[{"ty":"gr","it":[{"ind":0,"ty":"sh","ix":1,"ks":{"a":0,"k":{"i":[[0,0],[-3.9,-2.3],[0,0],[8.27,7.57],[0,0]],"o":[[2.26,4.26],[0,0],[-12.91,-1.76],[0,0],[0,0]],"v":[[26.82,0],[36.05,9.84],[31.78,42.05],[0,28.06],[26.82,0]],"c":true},"ix":2},"nm":"Path 1","mn":"ADBE Vector Shape - Group","hd":false},{"ty":"fl","c":{"a":0,"k":[1,0.172549024224,0.333333343267,1],"ix":4},"o":{"a":0,"k":100,"ix":5},"r":1,"nm":"Fill 1","mn":"ADBE Vector Graphic - Fill","hd":false},{"ty":"tr","p":{"a":0,"k":[0,0],"ix":2},"a":{"a":0,"k":[0,0],"ix":1},"s":{"a":0,"k":[311.419,311.419],"ix":3},"r":{"a":0,"k":0,"ix":6},"o":{"a":0,"k":100,"ix":7},"sk":{"a":0,"k":0,"ix":4},"sa":{"a":0,"k":0,"ix":5},"nm":"Transform"}],"nm":"Group 1","np":2,"cix":2,"ix":1,"mn":"ADBE Vector Group","hd":false}],"ip":19,"op":469,"st":19,"bm":0},{"ddd":0,"ind":3,"ty":4,"nm":"Path 10 ∩ 3","sr":1,"ks":{"o":{"a":1,"k":[{"i":{"x":[0.833],"y":[0.833]},"o":{"x":[0.167],"y":[0.167]},"n":["0p833_0p833_0p167_0p167"],"t":23,"s":[100],"e":[0]},{"t":33}],"ix":11},"r":{"a":0,"k":0,"ix":10},"p":{"a":1,"k":[{"i":{"x":0.667,"y":1},"o":{"x":0.167,"y":0.167},"n":"0p667_1_0p167_0p167","t":19,"s":[494.27,295.782,0],"e":[527.77,307.282,0],"to":[5.58333349227905,1.91666662693024,0],"ti":[-5.58333349227905,-1.91666662693024,0]},{"t":23}],"ix":2},"a":{"a":0,"k":[77.045,89.112,0],"ix":1},"s":{"a":0,"k":[32.143,32.143,100],"ix":6}},"ao":0,"shapes":[{"ty":"gr","it":[{"ind":0,"ty":"sh","ix":1,"ks":{"a":0,"k":{"i":[[0,0],[5.3,3.79],[0,0],[-1.29,-14.85],[3.68,-6.67],[0,0]],"o":[[-0.33,-6.88],[0,0],[9.67,7.61],[-0.59,9.03],[0,0],[0,0]],"v":[[8.45,28.81],[0,12.8],[33.05,0],[49.48,33.68],[43.08,57.23],[8.45,28.81]],"c":true},"ix":2},"nm":"Path 1","mn":"ADBE Vector Shape - Group","hd":false},{"ty":"fl","c":{"a":0,"k":[1,0.172549024224,0.333333343267,1],"ix":4},"o":{"a":0,"k":100,"ix":5},"r":1,"nm":"Fill 1","mn":"ADBE Vector Graphic - Fill","hd":false},{"ty":"tr","p":{"a":0,"k":[0,0],"ix":2},"a":{"a":0,"k":[0,0],"ix":1},"s":{"a":0,"k":[311.419,311.419],"ix":3},"r":{"a":0,"k":0,"ix":6},"o":{"a":0,"k":100,"ix":7},"sk":{"a":0,"k":0,"ix":4},"sa":{"a":0,"k":0,"ix":5},"nm":"Transform"}],"nm":"Group 1","np":2,"cix":2,"ix":1,"mn":"ADBE Vector Group","hd":false}],"ip":19,"op":469,"st":19,"bm":0},{"ddd":0,"ind":4,"ty":4,"nm":"Path 9 ∩ 3","sr":1,"ks":{"o":{"a":1,"k":[{"i":{"x":[0.833],"y":[0.833]},"o":{"x":[0.167],"y":[0.167]},"n":["0p833_0p833_0p167_0p167"],"t":22,"s":[100],"e":[0]},{"t":32}],"ix":11},"r":{"a":0,"k":0,"ix":10},"p":{"a":1,"k":[{"i":{"x":0.667,"y":1},"o":{"x":0.167,"y":0.167},"n":"0p667_1_0p167_0p167","t":19,"s":[446.468,256.469,0],"e":[447.968,245.969,0],"to":[0.25,-1.75,0],"ti":[-0.25,1.75,0]},{"t":23}],"ix":2},"a":{"a":0,"k":[50.403,57.862,0],"ix":1},"s":{"a":0,"k":[32.143,32.143,100],"ix":6}},"ao":0,"shapes":[{"ty":"gr","it":[{"ind":0,"ty":"sh","ix":1,"ks":{"a":0,"k":{"i":[[0,0],[5.15,0.29],[0,0],[0,0],[-5.94,3.11],[0,0]],"o":[[-3.95,-1.03],[0,0],[0,0],[10.66,0],[0,0],[0,0]],"v":[[28.15,37.16],[14.51,35.19],[0,4.67],[7.47,4.67],[32.37,0],[28.15,37.16]],"c":true},"ix":2},"nm":"Path 1","mn":"ADBE Vector Shape - Group","hd":false},{"ty":"fl","c":{"a":0,"k":[1,0.172549024224,0.333333343267,1],"ix":4},"o":{"a":0,"k":100,"ix":5},"r":1,"nm":"Fill 1","mn":"ADBE Vector Graphic - Fill","hd":false},{"ty":"tr","p":{"a":0,"k":[0,0],"ix":2},"a":{"a":0,"k":[0,0],"ix":1},"s":{"a":0,"k":[311.419,311.419],"ix":3},"r":{"a":0,"k":0,"ix":6},"o":{"a":0,"k":100,"ix":7},"sk":{"a":0,"k":0,"ix":4},"sa":{"a":0,"k":0,"ix":5},"nm":"Transform"}],"nm":"Group 1","np":2,"cix":2,"ix":1,"mn":"ADBE Vector Group","hd":false}],"ip":19,"op":469,"st":19,"bm":0},{"ddd":0,"ind":5,"ty":4,"nm":"Path 7 ∩ 3","sr":1,"ks":{"o":{"a":1,"k":[{"i":{"x":[0.833],"y":[0.833]},"o":{"x":[0.167],"y":[0.167]},"n":["0p833_0p833_0p167_0p167"],"t":21,"s":[100],"e":[0]},{"t":31}],"ix":11},"r":{"a":0,"k":0,"ix":10},"p":{"a":1,"k":[{"i":{"x":0.667,"y":1},"o":{"x":0.167,"y":0.167},"n":"0p667_1_0p167_0p167","t":19,"s":[491.09,206.705,0],"e":[489.59,183.205,0],"to":[-0.25,-3.91666674613953,0],"ti":[0.25,3.91666674613953,0]},{"t":23}],"ix":2},"a":{"a":0,"k":[74.221,97.957,0],"ix":1},"s":{"a":0,"k":[32.143,32.143,100],"ix":6}},"ao":0,"shapes":[{"ty":"gr","it":[{"ind":0,"ty":"sh","ix":1,"ks":{"a":0,"k":{"i":[[0,0],[3.89,3.59],[0,0],[-1.54,-17.27],[5.12,-6.75],[0,0]],"o":[[-0.49,-7.25],[0,0],[12.68,7.88],[0.24,10.04],[0,0],[0,0]],"v":[[6.56,42.05],[0,25.79],[26.31,0],[47.65,37.73],[40.33,62.91],[6.56,42.05]],"c":true},"ix":2},"nm":"Path 1","mn":"ADBE Vector Shape - Group","hd":false},{"ty":"fl","c":{"a":0,"k":[1,0.172549024224,0.333333343267,1],"ix":4},"o":{"a":0,"k":100,"ix":5},"r":1,"nm":"Fill 1","mn":"ADBE Vector Graphic - Fill","hd":false},{"ty":"tr","p":{"a":0,"k":[0,0],"ix":2},"a":{"a":0,"k":[0,0],"ix":1},"s":{"a":0,"k":[311.419,311.419],"ix":3},"r":{"a":0,"k":0,"ix":6},"o":{"a":0,"k":100,"ix":7},"sk":{"a":0,"k":0,"ix":4},"sa":{"a":0,"k":0,"ix":5},"nm":"Transform"}],"nm":"Group 1","np":2,"cix":2,"ix":1,"mn":"ADBE Vector Group","hd":false}],"ip":19,"op":469,"st":19,"bm":0},{"ddd":0,"ind":6,"ty":4,"nm":"Path 6 ∩ 3","sr":1,"ks":{"o":{"a":1,"k":[{"i":{"x":[0.833],"y":[0.833]},"o":{"x":[0.167],"y":[0.167]},"n":["0p833_0p833_0p167_0p167"],"t":20,"s":[100],"e":[0]},{"t":30}],"ix":11},"r":{"a":0,"k":0,"ix":10},"p":{"a":1,"k":[{"i":{"x":0.667,"y":1},"o":{"x":0.167,"y":0.167},"n":"0p667_1_0p167_0p167","t":19,"s":[409.072,199.959,0],"e":[374.572,196.959,0],"to":[-5.75,-0.5,0],"ti":[5.75,0.5,0]},{"t":23}],"ix":2},"a":{"a":0,"k":[79.396,68.652,0],"ix":1},"s":{"a":0,"k":[32.143,32.143,100],"ix":6}},"ao":0,"shapes":[{"ty":"gr","it":[{"ind":0,"ty":"sh","ix":1,"ks":{"a":0,"k":{"i":[[0,0],[2.22,-9.51],[0,0],[-11.92,8.2],[0,0]],"o":[[-6.07,4.37],[0,0],[3.86,-16.26],[0,0],[0,0]],"v":[[50.99,23.28],[38.55,44.09],[0,36.7],[23.67,0],[50.99,23.28]],"c":true},"ix":2},"nm":"Path 1","mn":"ADBE Vector Shape - Group","hd":false},{"ty":"fl","c":{"a":0,"k":[1,0.172549024224,0.333333343267,1],"ix":4},"o":{"a":0,"k":100,"ix":5},"r":1,"nm":"Fill 1","mn":"ADBE Vector Graphic - Fill","hd":false},{"ty":"tr","p":{"a":0,"k":[0,0],"ix":2},"a":{"a":0,"k":[0,0],"ix":1},"s":{"a":0,"k":[311.419,311.419],"ix":3},"r":{"a":0,"k":0,"ix":6},"o":{"a":0,"k":100,"ix":7},"sk":{"a":0,"k":0,"ix":4},"sa":{"a":0,"k":0,"ix":5},"nm":"Transform"}],"nm":"Group 1","np":2,"cix":2,"ix":1,"mn":"ADBE Vector Group","hd":false}],"ip":19,"op":469,"st":19,"bm":0},{"ddd":0,"ind":7,"ty":4,"nm":"3 - Path 11 - Path 10 - Path 9 - Path 7 - Path 6 5","sr":1,"ks":{"o":{"a":1,"k":[{"i":{"x":[0.833],"y":[0.833]},"o":{"x":[0.167],"y":[0.167]},"n":["0p833_0p833_0p167_0p167"],"t":19,"s":[100],"e":[0]},{"t":29}],"ix":11},"r":{"a":0,"k":0,"ix":10},"p":{"a":1,"k":[{"i":{"x":0.667,"y":1},"o":{"x":0.167,"y":0.167},"n":"0p667_1_0p167_0p167","t":19,"s":[442.574,336.212,0],"e":[442.574,343.212,0],"to":[0,1.16666662693024,0],"ti":[0,-1.16666662693024,0]},{"t":23}],"ix":2},"a":{"a":0,"k":[38.663,51.244,0],"ix":1},"s":{"a":0,"k":[32.143,32.143,100],"ix":6}},"ao":0,"shapes":[{"ty":"gr","it":[{"ind":0,"ty":"sh","ix":1,"ks":{"a":0,"k":{"i":[[0,0],[-6.9,0],[-1.06,0.11],[0,0],[2.63,0.36],[0,0]],"o":[[4.6,2.72],[1.14,-0.04],[0,0],[-2.83,-0.11],[0,0],[0,0]],"v":[[4.27,0],[21.53,4.09],[24.83,3.87],[8.19,32.91],[0,32.2],[4.27,0]],"c":true},"ix":2},"nm":"Path 1","mn":"ADBE Vector Shape - Group","hd":false},{"ty":"fl","c":{"a":0,"k":[1,0.172549024224,0.333333343267,1],"ix":4},"o":{"a":0,"k":100,"ix":5},"r":1,"nm":"Fill 1","mn":"ADBE Vector Graphic - Fill","hd":false},{"ty":"tr","p":{"a":0,"k":[0,0],"ix":2},"a":{"a":0,"k":[0,0],"ix":1},"s":{"a":0,"k":[311.419,311.419],"ix":3},"r":{"a":0,"k":0,"ix":6},"o":{"a":0,"k":100,"ix":7},"sk":{"a":0,"k":0,"ix":4},"sa":{"a":0,"k":0,"ix":5},"nm":"Transform"}],"nm":"Group 1","np":2,"cix":2,"ix":1,"mn":"ADBE Vector Group","hd":false}],"ip":19,"op":469,"st":19,"bm":0},{"ddd":0,"ind":8,"ty":4,"nm":"3 - Path 11 - Path 10 - Path 9 - Path 7 - Path 6 4","sr":1,"ks":{"o":{"a":1,"k":[{"i":{"x":[0.833],"y":[0.833]},"o":{"x":[0.167],"y":[0.167]},"n":["0p833_0p833_0p167_0p167"],"t":21,"s":[100],"e":[0]},{"t":31}],"ix":11},"r":{"a":0,"k":0,"ix":10},"p":{"a":1,"k":[{"i":{"x":0.667,"y":1},"o":{"x":0.167,"y":0.167},"n":"0p667_1_0p167_0p167","t":19,"s":[402.731,317.769,0],"e":[383.731,310.769,0],"to":[-3.16666674613953,-1.16666662693024,0],"ti":[3.16666674613953,1.16666662693024,0]},{"t":23}],"ix":2},"a":{"a":0,"k":[69.882,62.875,0],"ix":1},"s":{"a":0,"k":[32.143,32.143,100],"ix":6}},"ao":0,"shapes":[{"ty":"gr","it":[{"ind":0,"ty":"sh","ix":1,"ks":{"a":0,"k":{"i":[[0,0],[0,0],[3.6,13.74],[0,0],[-1.84,-3.46]],"o":[[0,0],[-8.43,-7.71],[0,0],[0.74,4.75],[0,0]],"v":[[44.88,12.32],[18.05,40.38],[0,8.2],[41.02,0],[44.88,12.32]],"c":true},"ix":2},"nm":"Path 1","mn":"ADBE Vector Shape - Group","hd":false},{"ty":"fl","c":{"a":0,"k":[1,0.172549024224,0.333333343267,1],"ix":4},"o":{"a":0,"k":100,"ix":5},"r":1,"nm":"Fill 1","mn":"ADBE Vector Graphic - Fill","hd":false},{"ty":"tr","p":{"a":0,"k":[0,0],"ix":2},"a":{"a":0,"k":[0,0],"ix":1},"s":{"a":0,"k":[311.419,311.419],"ix":3},"r":{"a":0,"k":0,"ix":6},"o":{"a":0,"k":100,"ix":7},"sk":{"a":0,"k":0,"ix":4},"sa":{"a":0,"k":0,"ix":5},"nm":"Transform"}],"nm":"Group 1","np":2,"cix":2,"ix":1,"mn":"ADBE Vector Group","hd":false}],"ip":19,"op":469,"st":19,"bm":0},{"ddd":0,"ind":9,"ty":4,"nm":"3 - Path 11 - Path 10 - Path 9 - Path 7 - Path 6 3","sr":1,"ks":{"o":{"a":1,"k":[{"i":{"x":[0.833],"y":[0.833]},"o":{"x":[0.167],"y":[0.167]},"n":["0p833_0p833_0p167_0p167"],"t":22,"s":[100],"e":[0]},{"t":32}],"ix":11},"r":{"a":0,"k":0,"ix":10},"p":{"a":1,"k":[{"i":{"x":0.667,"y":1},"o":{"x":0.167,"y":0.167},"n":"0p667_1_0p167_0p167","t":19,"s":[495.136,318.439,0],"e":[503.136,324.439,0],"to":[1.33333337306976,1,0],"ti":[-1.33333337306976,-1,0]},{"t":23}],"ix":2},"a":{"a":0,"k":[54.389,69.882,0],"ix":1},"s":{"a":0,"k":[32.143,32.143,100],"ix":6}},"ao":0,"shapes":[{"ty":"gr","it":[{"ind":0,"ty":"sh","ix":1,"ks":{"a":0,"k":{"i":[[0,0],[0,0],[6.78,-4.3],[0,0],[-0.04,1.42],[0.04,0.78]],"o":[[0,0],[-3.68,6.68],[0,0],[0.17,-1.3],[0.03,-0.82],[0,0]],"v":[[0.31,0],[34.93,28.41],[19.24,44.88],[0,6.47],[0.32,2.4],[0.31,0]],"c":true},"ix":2},"nm":"Path 1","mn":"ADBE Vector Shape - Group","hd":false},{"ty":"fl","c":{"a":0,"k":[1,0.172549024224,0.333333343267,1],"ix":4},"o":{"a":0,"k":100,"ix":5},"r":1,"nm":"Fill 1","mn":"ADBE Vector Graphic - Fill","hd":false},{"ty":"tr","p":{"a":0,"k":[0,0],"ix":2},"a":{"a":0,"k":[0,0],"ix":1},"s":{"a":0,"k":[311.419,311.419],"ix":3},"r":{"a":0,"k":0,"ix":6},"o":{"a":0,"k":100,"ix":7},"sk":{"a":0,"k":0,"ix":4},"sa":{"a":0,"k":0,"ix":5},"nm":"Transform"}],"nm":"Group 1","np":2,"cix":2,"ix":1,"mn":"ADBE Vector Group","hd":false}],"ip":19,"op":469,"st":19,"bm":0},{"ddd":0,"ind":10,"ty":4,"nm":"3 - Path 11 - Path 10 - Path 9 - Path 7 - Path 6 2","sr":1,"ks":{"o":{"a":1,"k":[{"i":{"x":[0.833],"y":[0.833]},"o":{"x":[0.167],"y":[0.167]},"n":["0p833_0p833_0p167_0p167"],"t":23,"s":[100],"e":[0]},{"t":33}],"ix":11},"r":{"a":0,"k":0,"ix":10},"p":{"a":1,"k":[{"i":{"x":0.667,"y":1},"o":{"x":0.167,"y":0.167},"n":"0p667_1_0p167_0p167","t":19,"s":[433.476,257.82,0],"e":[420.976,258.32,0],"to":[-2.08333325386047,0.08333333581686,0],"ti":[2.08333325386047,-0.08333333581686,0]},{"t":23}],"ix":2},"a":{"a":0,"k":[35.237,47.522,0],"ix":1},"s":{"a":0,"k":[32.143,32.143,100],"ix":6}},"ao":0,"shapes":[{"ty":"gr","it":[{"ind":0,"ty":"sh","ix":1,"ks":{"a":0,"k":{"i":[[0,0],[2.16,0],[0,0],[0,0],[0,0]],"o":[[-1.99,-0.11],[0,0],[0,0],[0,0],[0,0]],"v":[[22.63,30.52],[16.41,30.35],[0,30.35],[0,0],[8.12,0]],"c":true},"ix":2},"nm":"Path 1","mn":"ADBE Vector Shape - Group","hd":false},{"ty":"fl","c":{"a":0,"k":[1,0.172549024224,0.333333343267,1],"ix":4},"o":{"a":0,"k":100,"ix":5},"r":1,"nm":"Fill 1","mn":"ADBE Vector Graphic - Fill","hd":false},{"ty":"tr","p":{"a":0,"k":[0,0],"ix":2},"a":{"a":0,"k":[0,0],"ix":1},"s":{"a":0,"k":[311.419,311.419],"ix":3},"r":{"a":0,"k":0,"ix":6},"o":{"a":0,"k":100,"ix":7},"sk":{"a":0,"k":0,"ix":4},"sa":{"a":0,"k":0,"ix":5},"nm":"Transform"}],"nm":"Group 1","np":2,"cix":2,"ix":1,"mn":"ADBE Vector Group","hd":false}],"ip":19,"op":469,"st":19,"bm":0},{"ddd":0,"ind":11,"ty":4,"nm":"3 - Path 11 - Path 10 - Path 9 - Path 7 - Path 6 1","sr":1,"ks":{"o":{"a":1,"k":[{"i":{"x":[0.833],"y":[0.833]},"o":{"x":[0.167],"y":[0.167]},"n":["0p833_0p833_0p167_0p167"],"t":20,"s":[100],"e":[0]},{"t":30}],"ix":11},"r":{"a":0,"k":0,"ix":10},"p":{"a":1,"k":[{"i":{"x":0.667,"y":1},"o":{"x":0.167,"y":0.167},"n":"0p667_1_0p167_0p167","t":19,"s":[483.024,248.631,0],"e":[504.524,247.631,0],"to":[3.58333325386047,-0.16666667163372,0],"ti":[-3.58333325386047,0.16666667163372,0]},{"t":23}],"ix":2},"a":{"a":0,"k":[76.469,97.443,0],"ix":1},"s":{"a":0,"k":[32.143,32.143,100],"ix":6}},"ao":0,"shapes":[{"ty":"gr","it":[{"ind":0,"ty":"sh","ix":1,"ks":{"a":0,"k":{"i":[[0,0],[0,0],[14.5,-3.33],[0,0],[-6.72,-5.29],[0,0],[4.44,1.16],[0,0],[0,8.83],[0.03,0.47]],"o":[[0,0],[-6.32,8.33],[0,0],[10.76,1.79],[0,0],[-2.93,-2.1],[0,0],[7.46,-3.91],[-0.01,-0.48],[0,0]],"v":[[15.34,0],[49.11,20.86],[17.88,38.34],[17.88,39.16],[44.1,49.78],[11.05,62.58],[0,57.7],[4.22,20.54],[15.41,1.42],[15.34,0]],"c":true},"ix":2},"nm":"Path 1","mn":"ADBE Vector Shape - Group","hd":false},{"ty":"fl","c":{"a":0,"k":[1,0.172549024224,0.333333343267,1],"ix":4},"o":{"a":0,"k":100,"ix":5},"r":1,"nm":"Fill 1","mn":"ADBE Vector Graphic - Fill","hd":false},{"ty":"tr","p":{"a":0,"k":[0,0],"ix":2},"a":{"a":0,"k":[0,0],"ix":1},"s":{"a":0,"k":[311.419,311.419],"ix":3},"r":{"a":0,"k":0,"ix":6},"o":{"a":0,"k":100,"ix":7},"sk":{"a":0,"k":0,"ix":4},"sa":{"a":0,"k":0,"ix":5},"nm":"Transform"}],"nm":"Group 1","np":2,"cix":2,"ix":1,"mn":"ADBE Vector Group","hd":false}],"ip":19,"op":469,"st":19,"bm":0},{"ddd":0,"ind":12,"ty":4,"nm":"3 - Path 11 - Path 10 - Path 9 - Path 7 - Path 6","sr":1,"ks":{"o":{"a":1,"k":[{"i":{"x":[0.833],"y":[0.833]},"o":{"x":[0.167],"y":[0.167]},"n":["0p833_0p833_0p167_0p167"],"t":21,"s":[100],"e":[0]},{"t":31}],"ix":11},"r":{"a":0,"k":0,"ix":10},"p":{"a":1,"k":[{"i":{"x":0.667,"y":1},"o":{"x":0.167,"y":0.167},"n":"0p667_1_0p167_0p167","t":19,"s":[450.412,183.277,0],"e":[428.912,158.277,0],"to":[-3.58333325386047,-4.16666650772095,0],"ti":[3.58333325386047,4.16666650772095,0]},{"t":23}],"ix":2},"a":{"a":0,"k":[134.299,55.744,0],"ix":1},"s":{"a":0,"k":[32.143,32.143,100],"ix":6}},"ao":0,"shapes":[{"ty":"gr","it":[{"ind":0,"ty":"sh","ix":1,"ks":{"a":0,"k":{"i":[[0,0],[0,0],[-19.53,0.27],[-9.8,-6.09],[0,0],[7.08,0],[4.41,-3.17]],"o":[[0,0],[11.73,-8.08],[16.45,0.48],[0,0],[-3.82,-3.52],[-6.44,0.46],[0,0]],"v":[[27.32,35.8],[0,12.52],[46.88,0],[86.25,9.85],[59.94,35.63],[43.6,30.35],[27.32,35.8]],"c":true},"ix":2},"nm":"Path 1","mn":"ADBE Vector Shape - Group","hd":false},{"ty":"fl","c":{"a":0,"k":[1,0.172549024224,0.333333343267,1],"ix":4},"o":{"a":0,"k":100,"ix":5},"r":1,"nm":"Fill 1","mn":"ADBE Vector Graphic - Fill","hd":false},{"ty":"tr","p":{"a":0,"k":[0,0],"ix":2},"a":{"a":0,"k":[0,0],"ix":1},"s":{"a":0,"k":[311.419,311.419],"ix":3},"r":{"a":0,"k":0,"ix":6},"o":{"a":0,"k":100,"ix":7},"sk":{"a":0,"k":0,"ix":4},"sa":{"a":0,"k":0,"ix":5},"nm":"Transform"}],"nm":"Group 1","np":2,"cix":2,"ix":1,"mn":"ADBE Vector Group","hd":false}],"ip":19,"op":469,"st":19,"bm":0},{"ddd":0,"ind":58,"ty":0,"nm":"origin","refId":"comp_2","sr":1,"ks":{"o":{"a":1,"k":[{"i":{"x":[0.833],"y":[0.833]},"o":{"x":[0.167],"y":[0.167]},"n":["0p833_0p833_0p167_0p167"],"t":0,"s":[0],"e":[100]},{"t":3}],"ix":11},"r":{"a":0,"k":0,"ix":10},"p":{"a":0,"k":[454.75,258.75,0],"ix":2},"a":{"a":0,"k":[454.75,258.75,0],"ix":1},"s":{"a":1,"k":[{"i":{"x":[0.659,0.659,0.659],"y":[0.82,0.82,1]},"o":{"x":[0.297,0.297,0.297],"y":[0,0,0]},"n":["0p659_0p82_0p297_0","0p659_0p82_0p297_0","0p659_1_0p297_0"],"t":0,"s":[0,0,100],"e":[110,110,100]},{"i":{"x":[0.815,0.815,0.815],"y":[1.925,1.925,1]},"o":{"x":[0.425,0.425,0.425],"y":[-2.468,-2.468,0]},"n":["0p815_1p925_0p425_-2p468","0p815_1p925_0p425_-2p468","0p815_1_0p425_0"],"t":3,"s":[110,110,100],"e":[100,100,100]},{"t":6}],"ix":6}},"ao":0,"w":900,"h":792,"ip":0,"op":19,"st":0,"bm":0}]},{"id":"comp_2","layers":[{"ddd":0,"ind":1,"ty":4,"nm":"3","sr":1,"ks":{"o":{"a":0,"k":100,"ix":11},"r":{"a":0,"k":0,"ix":10},"p":{"a":0,"k":[784,64,0],"ix":2},"a":{"a":0,"k":[0,0,0],"ix":1},"s":{"a":0,"k":[100,100,100],"ix":6}},"ao":0,"shapes":[{"ty":"gr","it":[{"ind":0,"ty":"sh","ix":1,"ks":{"a":0,"k":{"i":[[8.75,33.36],[0,0],[-17.5,0],[-0.547,16.406],[26.797,0],[0,0],[0,0],[0,0],[0,15.859],[14.766,0],[3.828,-16.406],[0,0],[-39.375,0.547],[-2.734,-30.625],[26.25,-6.016],[0,0],[-2.188,-25.156],[44.297,-1.094]],"o":[[0,0],[2.734,17.5],[16.953,-0.547],[0.547,-16.953],[0,0],[0,0],[0,0],[24.063,0],[-0.547,-15.313],[-15.313,1.094],[0,0],[7.656,-32.266],[37.735,1.094],[0.547,22.422],[0,0],[26.25,4.375],[-2.188,33.36],[-37.188,2.188]],"v":[[-403.797,241.93],[-362.781,233.727],[-332.43,259.977],[-306.18,234.547],[-345.555,209.117],[-361.961,209.117],[-361.961,178.766],[-346.375,178.766],[-310.281,154.977],[-333.25,132.008],[-361.961,158.258],[-400.516,150.875],[-329.969,101.656],[-269.266,149.234],[-307.82,191.891],[-307.82,192.711],[-265.164,237.008],[-334.891,288.688]],"c":true},"ix":2},"nm":"Path 1","mn":"ADBE Vector Shape - Group","hd":false},{"ty":"fl","c":{"a":0,"k":[1,0.172549024224,0.333333343267,1],"ix":4},"o":{"a":0,"k":100,"ix":5},"r":2,"nm":"Fill 1","mn":"ADBE Vector Graphic - Fill","hd":false},{"ty":"tr","p":{"a":0,"k":[-334.48,195.273],"ix":2},"a":{"a":0,"k":[-334.48,195.273],"ix":1},"s":{"a":0,"k":[100,100],"ix":3},"r":{"a":0,"k":0,"ix":6},"o":{"a":0,"k":100,"ix":7},"sk":{"a":0,"k":0,"ix":4},"sa":{"a":0,"k":0,"ix":5},"nm":"Transform"}],"nm":"Group 1","np":2,"cix":2,"ix":1,"mn":"ADBE Vector Group","hd":false}],"ip":0,"op":450,"st":0,"bm":0}]},{"id":"comp_3","layers":[{"ddd":0,"ind":1,"ty":4,"nm":"sp copy 7 ∩ 2","sr":1,"ks":{"o":{"a":1,"k":[{"i":{"x":[0.833],"y":[0.833]},"o":{"x":[0.167],"y":[0.167]},"n":["0p833_0p833_0p167_0p167"],"t":19,"s":[100],"e":[0]},{"t":29}],"ix":11},"r":{"a":0,"k":0,"ix":10},"p":{"a":1,"k":[{"i":{"x":0.667,"y":1},"o":{"x":0.167,"y":0.167},"n":"0p667_1_0p167_0p167","t":19,"s":[483.522,338.078,0],"e":[494.402,347.038,0],"to":[1.81333339214325,1.49333333969116,0],"ti":[-1.81333339214325,-1.49333333969116,0]},{"t":23}],"ix":2},"a":{"a":0,"k":[114.384,49.889,0],"ix":1},"s":{"a":0,"k":[32,32,100],"ix":6}},"ao":0,"shapes":[{"ty":"gr","it":[{"ind":0,"ty":"sh","ix":1,"ks":{"a":0,"k":{"i":[[0,0],[0,0],[0,0],[0,0],[0,0],[0,0]],"o":[[0,0],[0,0],[0,0],[0,0],[0,0],[0,0]],"v":[[0,0],[51.34,0],[73.46,31.53],[73.46,32.04],[5.2,32.04],[0,0]],"c":true},"ix":2},"nm":"Path 1","mn":"ADBE Vector Shape - Group","hd":false},{"ty":"fl","c":{"a":0,"k":[1,0.172549024224,0.333333343267,1],"ix":4},"o":{"a":0,"k":100,"ix":5},"r":1,"nm":"Fill 1","mn":"ADBE Vector Graphic - Fill","hd":false},{"ty":"tr","p":{"a":0,"k":[0,0],"ix":2},"a":{"a":0,"k":[0,0],"ix":1},"s":{"a":0,"k":[311.419,311.419],"ix":3},"r":{"a":0,"k":0,"ix":6},"o":{"a":0,"k":100,"ix":7},"sk":{"a":0,"k":0,"ix":4},"sa":{"a":0,"k":0,"ix":5},"nm":"Transform"}],"nm":"Group 1","np":2,"cix":2,"ix":1,"mn":"ADBE Vector Group","hd":false}],"ip":19,"op":469,"st":19,"bm":0},{"ddd":0,"ind":2,"ty":4,"nm":"sp copy 7 ∩ 2 1","sr":1,"ks":{"o":{"a":1,"k":[{"i":{"x":[0.833],"y":[0.833]},"o":{"x":[0.167],"y":[0.167]},"n":["0p833_0p833_0p167_0p167"],"t":20,"s":[100],"e":[0]},{"t":30}],"ix":11},"r":{"a":0,"k":0,"ix":10},"p":{"a":1,"k":[{"i":{"x":0.667,"y":1},"o":{"x":0.167,"y":0.167},"n":"0p667_1_0p167_0p167","t":19,"s":[456.406,286.228,0],"e":[474.966,289.804,0],"to":[3.09333324432373,0.59589356184006,0],"ti":[-3.09333324432373,-0.59589356184006,0]},{"t":23}],"ix":2},"a":{"a":0,"k":[53.844,77.574,0],"ix":1},"s":{"a":0,"k":[32,32,100],"ix":6}},"ao":0,"shapes":[{"ty":"gr","it":[{"ind":0,"ty":"sh","ix":1,"ks":{"a":0,"k":{"i":[[0,0],[-0.26,0.19],[-4.55,3.92],[0,0],[8.29,-7.86],[0,0]],"o":[[0.26,-0.19],[5.84,-4.38],[0,0],[-10.78,8.05],[0,0],[0,0]],"v":[[0,13.02],[0.77,12.46],[16.36,0],[34.58,25.96],[5.97,49.82],[0,13.02]],"c":true},"ix":2},"nm":"Path 1","mn":"ADBE Vector Shape - Group","hd":false},{"ty":"fl","c":{"a":0,"k":[1,0.172549024224,0.333333343267,1],"ix":4},"o":{"a":0,"k":100,"ix":5},"r":1,"nm":"Fill 1","mn":"ADBE Vector Graphic - Fill","hd":false},{"ty":"tr","p":{"a":0,"k":[0,0],"ix":2},"a":{"a":0,"k":[0,0],"ix":1},"s":{"a":0,"k":[311.419,311.419],"ix":3},"r":{"a":0,"k":0,"ix":6},"o":{"a":0,"k":100,"ix":7},"sk":{"a":0,"k":0,"ix":4},"sa":{"a":0,"k":0,"ix":5},"nm":"Transform"}],"nm":"Group 1","np":2,"cix":2,"ix":1,"mn":"ADBE Vector Group","hd":false}],"ip":19,"op":469,"st":19,"bm":0},{"ddd":0,"ind":3,"ty":4,"nm":"sp copy 6 ∩ 2","sr":1,"ks":{"o":{"a":1,"k":[{"i":{"x":[0.833],"y":[0.833]},"o":{"x":[0.167],"y":[0.167]},"n":["0p833_0p833_0p167_0p167"],"t":21,"s":[100],"e":[0]},{"t":31}],"ix":11},"r":{"a":0,"k":0,"ix":10},"p":{"a":1,"k":[{"i":{"x":0.667,"y":1},"o":{"x":0.167,"y":0.167},"n":"0p667_1_0p167_0p167","t":19,"s":[407.202,210.551,0],"e":[391.202,215.671,0],"to":[-2.66666674613953,0.85333335399628,0],"ti":[2.66666674613953,-0.85333335399628,0]},{"t":23}],"ix":2},"a":{"a":0,"k":[61.334,69.695,0],"ix":1},"s":{"a":0,"k":[32,32,100],"ix":6}},"ao":0,"shapes":[{"ty":"gr","it":[{"ind":0,"ty":"sh","ix":1,"ks":{"a":0,"k":{"i":[[0,0],[0.63,-3.38],[0,0],[0,0],[-9.58,9.01],[0,0]],"o":[[-0.97,2.81],[0,0],[0,0],[3.09,-15.93],[0,0],[0,0]],"v":[[39.39,35.29],[36.99,44.57],[36.72,44.76],[0,37.41],[19.01,0],[39.39,35.29]],"c":true},"ix":2},"nm":"Path 1","mn":"ADBE Vector Shape - Group","hd":false},{"ty":"fl","c":{"a":0,"k":[1,0.172549024224,0.333333343267,1],"ix":4},"o":{"a":0,"k":100,"ix":5},"r":1,"nm":"Fill 1","mn":"ADBE Vector Graphic - Fill","hd":false},{"ty":"tr","p":{"a":0,"k":[0,0],"ix":2},"a":{"a":0,"k":[0,0],"ix":1},"s":{"a":0,"k":[311.419,311.419],"ix":3},"r":{"a":0,"k":0,"ix":6},"o":{"a":0,"k":100,"ix":7},"sk":{"a":0,"k":0,"ix":4},"sa":{"a":0,"k":0,"ix":5},"nm":"Transform"}],"nm":"Group 1","np":2,"cix":2,"ix":1,"mn":"ADBE Vector Group","hd":false}],"ip":19,"op":469,"st":19,"bm":0},{"ddd":0,"ind":4,"ty":4,"nm":"sp copy 4 ∩ 2","sr":1,"ks":{"o":{"a":1,"k":[{"i":{"x":[0.833],"y":[0.833]},"o":{"x":[0.167],"y":[0.167]},"n":["0p833_0p833_0p167_0p167"],"t":19,"s":[100],"e":[0]},{"t":29}],"ix":11},"r":{"a":0,"k":0,"ix":10},"p":{"a":1,"k":[{"i":{"x":0.667,"y":1},"o":{"x":0.167,"y":0.167},"n":"0p667_1_0p167_0p167","t":19,"s":[419.429,314.211,0],"e":[400.229,314.211,0],"to":[-3.20000004768372,0,0],"ti":[3.20000004768372,0,0]},{"t":23}],"ix":2},"a":{"a":0,"k":[102.099,124.474,0],"ix":1},"s":{"a":0,"k":[32,32,100],"ix":6}},"ao":0,"shapes":[{"ty":"gr","it":[{"ind":0,"ty":"sh","ix":1,"ks":{"a":0,"k":{"i":[[0,0],[0,0],[0,0],[-19.93,14.7],[0,0],[3.37,-3.68],[0,0]],"o":[[0,0],[0,0],[15.13,-22.71],[0,0],[-3.93,3.72],[0,0],[0,0]],"v":[[65.57,79.94],[0,79.94],[0,56.12],[52.6,0],[58.57,36.8],[47.62,47.9],[60.37,47.9]],"c":true},"ix":2},"nm":"Path 1","mn":"ADBE Vector Shape - Group","hd":false},{"ty":"fl","c":{"a":0,"k":[1,0.172549024224,0.333333343267,1],"ix":4},"o":{"a":0,"k":100,"ix":5},"r":1,"nm":"Fill 1","mn":"ADBE Vector Graphic - Fill","hd":false},{"ty":"tr","p":{"a":0,"k":[0,0],"ix":2},"a":{"a":0,"k":[0,0],"ix":1},"s":{"a":0,"k":[311.419,311.419],"ix":3},"r":{"a":0,"k":0,"ix":6},"o":{"a":0,"k":100,"ix":7},"sk":{"a":0,"k":0,"ix":4},"sa":{"a":0,"k":0,"ix":5},"nm":"Transform"}],"nm":"Group 1","np":2,"cix":2,"ix":1,"mn":"ADBE Vector Group","hd":false}],"ip":19,"op":469,"st":19,"bm":0},{"ddd":0,"ind":5,"ty":4,"nm":"sp copy 2 ∩ 2","sr":1,"ks":{"o":{"a":1,"k":[{"i":{"x":[0.833],"y":[0.833]},"o":{"x":[0.167],"y":[0.167]},"n":["0p833_0p833_0p167_0p167"],"t":20,"s":[100],"e":[0]},{"t":30}],"ix":11},"r":{"a":0,"k":0,"ix":10},"p":{"a":1,"k":[{"i":{"x":0.667,"y":1},"o":{"x":0.167,"y":0.167},"n":"0p667_1_0p167_0p167","t":19,"s":[450.631,197.043,0],"e":[446.791,184.243,0],"to":[-0.63999998569489,-2.13333344459534,0],"ti":[0.63999998569489,2.13333344459534,0]},{"t":23}],"ix":2},"a":{"a":0,"k":[137.849,82.386,0],"ix":1},"s":{"a":0,"k":[32,32,100],"ix":6}},"ao":0,"shapes":[{"ty":"gr","it":[{"ind":0,"ty":"sh","ix":1,"ks":{"a":0,"k":{"i":[[0,0],[10.82,0],[4.95,-14.37],[0,0],[-23.54,0],[-9.13,-4.8],[0,0]],"o":[[-3.7,-7.38],[-13.68,-0.46],[0,0],[12.5,-11.75],[13.85,0.6],[0,0],[0,0]],"v":[[70.09,43.1],[48.31,32.04],[20.37,52.91],[0,17.63],[54.06,0],[88.53,8.1],[70.09,43.1]],"c":true},"ix":2},"nm":"Path 1","mn":"ADBE Vector Shape - Group","hd":false},{"ty":"fl","c":{"a":0,"k":[1,0.172549024224,0.333333343267,1],"ix":4},"o":{"a":0,"k":100,"ix":5},"r":1,"nm":"Fill 1","mn":"ADBE Vector Graphic - Fill","hd":false},{"ty":"tr","p":{"a":0,"k":[0,0],"ix":2},"a":{"a":0,"k":[0,0],"ix":1},"s":{"a":0,"k":[311.419,311.419],"ix":3},"r":{"a":0,"k":0,"ix":6},"o":{"a":0,"k":100,"ix":7},"sk":{"a":0,"k":0,"ix":4},"sa":{"a":0,"k":0,"ix":5},"nm":"Transform"}],"nm":"Group 1","np":2,"cix":2,"ix":1,"mn":"ADBE Vector Group","hd":false}],"ip":19,"op":469,"st":19,"bm":0},{"ddd":0,"ind":6,"ty":4,"nm":"sp copy ∩ 2","sr":1,"ks":{"o":{"a":1,"k":[{"i":{"x":[0.833],"y":[0.833]},"o":{"x":[0.167],"y":[0.167]},"n":["0p833_0p833_0p167_0p167"],"t":21,"s":[100],"e":[0]},{"t":31}],"ix":11},"r":{"a":0,"k":0,"ix":10},"p":{"a":1,"k":[{"i":{"x":0.667,"y":1},"o":{"x":0.167,"y":0.167},"n":"0p667_1_0p167_0p167","t":19,"s":[509.103,337.824,0],"e":[532.143,337.184,0],"to":[3.83999991416931,-0.10666666924953,0],"ti":[-3.83999991416931,0.10666666924953,0]},{"t":23}],"ix":2},"a":{"a":0,"k":[34.443,49.095,0],"ix":1},"s":{"a":0,"k":[32,32,100],"ix":6}},"ao":0,"shapes":[{"ty":"gr","it":[{"ind":0,"ty":"sh","ix":1,"ks":{"a":0,"k":{"i":[[0,0],[0,0],[0,0],[0,0]],"o":[[0,0],[0,0],[0,0],[0,0]],"v":[[0,0],[22.12,0],[22.12,31.53],[0,0]],"c":true},"ix":2},"nm":"Path 1","mn":"ADBE Vector Shape - Group","hd":false},{"ty":"fl","c":{"a":0,"k":[1,0.172549024224,0.333333343267,1],"ix":4},"o":{"a":0,"k":100,"ix":5},"r":1,"nm":"Fill 1","mn":"ADBE Vector Graphic - Fill","hd":false},{"ty":"tr","p":{"a":0,"k":[0,0],"ix":2},"a":{"a":0,"k":[0,0],"ix":1},"s":{"a":0,"k":[311.419,311.419],"ix":3},"r":{"a":0,"k":0,"ix":6},"o":{"a":0,"k":100,"ix":7},"sk":{"a":0,"k":0,"ix":4},"sa":{"a":0,"k":0,"ix":5},"nm":"Transform"}],"nm":"Group 1","np":2,"cix":2,"ix":1,"mn":"ADBE Vector Group","hd":false}],"ip":19,"op":469,"st":19,"bm":0},{"ddd":0,"ind":7,"ty":4,"nm":"sp copy ∩ 2 1","sr":1,"ks":{"o":{"a":1,"k":[{"i":{"x":[0.833],"y":[0.833]},"o":{"x":[0.167],"y":[0.167]},"n":["0p833_0p833_0p167_0p167"],"t":22,"s":[100],"e":[0]},{"t":32}],"ix":11},"r":{"a":0,"k":0,"ix":10},"p":{"a":1,"k":[{"i":{"x":0.667,"y":1},"o":{"x":0.167,"y":0.167},"n":"0p667_1_0p167_0p167","t":19,"s":[486.307,267.12,0],"e":[520.227,264.98,0],"to":[5.65333318710327,-0.35663250088692,0],"ti":[-5.65333318710327,0.35663250088692,0]},{"t":23}],"ix":2},"a":{"a":0,"k":[96.337,62.984,0],"ix":1},"s":{"a":0,"k":[32,32,100],"ix":6}},"ao":0,"shapes":[{"ty":"gr","it":[{"ind":0,"ty":"sh","ix":1,"ks":{"a":0,"k":{"i":[[0,0],[-1.95,1.84],[0,0],[18.38,-10.56],[2.35,-1.76],[0,0]],"o":[[2.27,-1.96],[0,0],[-5.89,12.88],[-2.47,1.77],[0,0],[0,0]],"v":[[0,14.49],[6.32,8.8],[61.87,0],[25.46,35.16],[18.22,40.45],[0,14.49]],"c":true},"ix":2},"nm":"Path 1","mn":"ADBE Vector Shape - Group","hd":false},{"ty":"fl","c":{"a":0,"k":[1,0.172549024224,0.333333343267,1],"ix":4},"o":{"a":0,"k":100,"ix":5},"r":1,"nm":"Fill 1","mn":"ADBE Vector Graphic - Fill","hd":false},{"ty":"tr","p":{"a":0,"k":[0,0],"ix":2},"a":{"a":0,"k":[0,0],"ix":1},"s":{"a":0,"k":[311.419,311.419],"ix":3},"r":{"a":0,"k":0,"ix":6},"o":{"a":0,"k":100,"ix":7},"sk":{"a":0,"k":0,"ix":4},"sa":{"a":0,"k":0,"ix":5},"nm":"Transform"}],"nm":"Group 1","np":2,"cix":2,"ix":1,"mn":"ADBE Vector Group","hd":false}],"ip":19,"op":469,"st":19,"bm":0},{"ddd":0,"ind":8,"ty":4,"nm":"sp copy ∩ 2 copy","sr":1,"ks":{"o":{"a":1,"k":[{"i":{"x":[0.833],"y":[0.833]},"o":{"x":[0.167],"y":[0.167]},"n":["0p833_0p833_0p167_0p167"],"t":19,"s":[100],"e":[0]},{"t":29}],"ix":11},"r":{"a":0,"k":0,"ix":10},"p":{"a":1,"k":[{"i":{"x":0.667,"y":1},"o":{"x":0.167,"y":0.167},"n":"0p667_1_0p167_0p167","t":19,"s":[491.359,217.278,0],"e":[511.839,203.198,0],"to":[3.41333341598511,-2.34666657447815,0],"ti":[-3.41333341598511,2.34666657447815,0]},{"t":23}],"ix":2},"a":{"a":0,"k":[93.158,120.301,0],"ix":1},"s":{"a":0,"k":[32,32,100],"ix":6}},"ao":0,"shapes":[{"ty":"gr","it":[{"ind":0,"ty":"sh","ix":1,"ks":{"a":0,"k":{"i":[[0,0],[1.52,7.23],[1.69,3.43],[0,0],[-1.72,-20.75],[3.63,-7.86],[0,0]],"o":[[13.29,-12.51],[-0.17,-5],[0,0],[15.72,8.28],[1.04,8.74],[0,0],[0,0]],"v":[[0,77.26],[17.65,47.65],[14.85,35.02],[33.31,0],[59.48,43.55],[55.6,68.45],[0,77.26]],"c":true},"ix":2},"nm":"Path 1","mn":"ADBE Vector Shape - Group","hd":false},{"ty":"fl","c":{"a":0,"k":[1,0.172549024224,0.333333343267,1],"ix":4},"o":{"a":0,"k":100,"ix":5},"r":1,"nm":"Fill 1","mn":"ADBE Vector Graphic - Fill","hd":false},{"ty":"tr","p":{"a":0,"k":[0,0],"ix":2},"a":{"a":0,"k":[0,0],"ix":1},"s":{"a":0,"k":[311.419,311.419],"ix":3},"r":{"a":0,"k":0,"ix":6},"o":{"a":0,"k":100,"ix":7},"sk":{"a":0,"k":0,"ix":4},"sa":{"a":0,"k":0,"ix":5},"nm":"Transform"}],"nm":"Group 1","np":2,"cix":2,"ix":1,"mn":"ADBE Vector Group","hd":false}],"ip":19,"op":469,"st":19,"bm":0},{"ddd":0,"ind":18,"ty":0,"nm":"origin","refId":"comp_4","sr":1,"ks":{"o":{"a":1,"k":[{"i":{"x":[0.833],"y":[0.833]},"o":{"x":[0.167],"y":[0.167]},"n":["0p833_0p833_0p167_0p167"],"t":0,"s":[0],"e":[100]},{"t":3}],"ix":11},"r":{"a":0,"k":0,"ix":10},"p":{"a":0,"k":[454.75,258.75,0],"ix":2},"a":{"a":0,"k":[454.75,258.75,0],"ix":1},"s":{"a":1,"k":[{"i":{"x":[0.659,0.659,0.659],"y":[0.82,0.82,1]},"o":{"x":[0.297,0.297,0.297],"y":[0,0,0]},"n":["0p659_0p82_0p297_0","0p659_0p82_0p297_0","0p659_1_0p297_0"],"t":0,"s":[0,0,100],"e":[110,110,100]},{"i":{"x":[0.815,0.815,0.815],"y":[1.925,1.925,1]},"o":{"x":[0.425,0.425,0.425],"y":[-2.468,-2.468,0]},"n":["0p815_1p925_0p425_-2p468","0p815_1p925_0p425_-2p468","0p815_1_0p425_0"],"t":3,"s":[110,110,100],"e":[100,100,100]},{"t":6}],"ix":6}},"ao":0,"w":900,"h":792,"ip":0,"op":19,"st":0,"bm":0}]},{"id":"comp_4","layers":[{"ddd":0,"ind":1,"ty":4,"nm":"2","sr":1,"ks":{"o":{"a":0,"k":100,"ix":11},"r":{"a":0,"k":0,"ix":10},"p":{"a":0,"k":[452,68,0],"ix":2},"a":{"a":0,"k":[0,0,0],"ix":1},"s":{"a":0,"k":[100,100,100],"ix":6}},"ao":0,"shapes":[{"ty":"gr","it":[{"ind":0,"ty":"sh","ix":1,"ks":{"a":0,"k":{"i":[[12.031,-13.125],[0,0],[0,0],[0,0],[0,0],[-20.234,14.766],[2.188,10.391],[15.859,0],[3.828,-20.781],[0,0],[-41.563,0],[-2.734,-32.813],[29.531,-16.953]],"o":[[0,0],[0,0],[0,0],[0,0],[15.313,-22.969],[28.438,-21.328],[-0.547,-15.859],[-16.406,-0.547],[0,0],[7.109,-36.641],[37.735,1.641],[2.734,22.969],[-19.141,13.672]],"v":[[-18.039,254.234],[68.094,254.234],[68.094,286.227],[-65.617,286.227],[-65.617,262.438],[-12.297,205.836],[27.078,158.258],[2.469,134.469],[-27.883,164.82],[-64.797,157.438],[8.211,102.477],[68.914,154.156],[28.719,214.039]],"c":true},"ix":2},"nm":"Path 1","mn":"ADBE Vector Shape - Group","hd":false},{"ty":"fl","c":{"a":0,"k":[1,0.172549024224,0.333333343267,1],"ix":4},"o":{"a":0,"k":100,"ix":5},"r":2,"nm":"Fill 1","mn":"ADBE Vector Graphic - Fill","hd":false},{"ty":"tr","p":{"a":0,"k":[1.822,194.352],"ix":2},"a":{"a":0,"k":[1.822,194.352],"ix":1},"s":{"a":0,"k":[100,100],"ix":3},"r":{"a":0,"k":0,"ix":6},"o":{"a":0,"k":100,"ix":7},"sk":{"a":0,"k":0,"ix":4},"sa":{"a":0,"k":0,"ix":5},"nm":"Transform"}],"nm":"Group 1","np":2,"cix":2,"ix":1,"mn":"ADBE Vector Group","hd":false}],"ip":0,"op":450,"st":0,"bm":0}]},{"id":"comp_5","layers":[{"ddd":0,"ind":1,"ty":4,"nm":"sp copy ∩ 1","sr":1,"ks":{"o":{"a":1,"k":[{"i":{"x":[0.833],"y":[0.833]},"o":{"x":[0.167],"y":[0.167]},"n":["0p833_0p833_0p167_0p167"],"t":19,"s":[100],"e":[0]},{"t":29}],"ix":11},"r":{"a":0,"k":0,"ix":10},"p":{"a":1,"k":[{"i":{"x":0.667,"y":1},"o":{"x":0.167,"y":0.167},"n":"0p667_1_0p167_0p167","t":19,"s":[473.175,284.228,0],"e":[493.175,280.228,0],"to":[3.33333325386047,-0.66666668653488,0],"ti":[-3.33333325386047,0.66666668653488,0]},{"t":23}],"ix":2},"a":{"a":0,"k":[49.827,78.898,0],"ix":1},"s":{"a":0,"k":[35,35,100],"ix":6}},"ao":0,"shapes":[{"ty":"gr","it":[{"ind":0,"ty":"sh","ix":1,"ks":{"a":0,"k":{"i":[[0,0],[0,0],[0,0],[0,0]],"o":[[0,0],[0,0],[0,0],[0,0]],"v":[[32,0],[32,50.67],[0,5.07],[32,0]],"c":true},"ix":2},"nm":"Path 1","mn":"ADBE Vector Shape - Group","hd":false},{"ty":"fl","c":{"a":0,"k":[1,0.172549024224,0.333333343267,1],"ix":4},"o":{"a":0,"k":100,"ix":5},"r":1,"nm":"Fill 1","mn":"ADBE Vector Graphic - Fill","hd":false},{"ty":"tr","p":{"a":0,"k":[0,0],"ix":2},"a":{"a":0,"k":[0,0],"ix":1},"s":{"a":0,"k":[311.419,311.419],"ix":3},"r":{"a":0,"k":0,"ix":6},"o":{"a":0,"k":100,"ix":7},"sk":{"a":0,"k":0,"ix":4},"sa":{"a":0,"k":0,"ix":5},"nm":"Transform"}],"nm":"Group 1","np":2,"cix":2,"ix":1,"mn":"ADBE Vector Group","hd":false}],"ip":19,"op":469,"st":19,"bm":0},{"ddd":0,"ind":2,"ty":4,"nm":"sp copy 2 ∩ 1","sr":1,"ks":{"o":{"a":1,"k":[{"i":{"x":[0.833],"y":[0.833]},"o":{"x":[0.167],"y":[0.167]},"n":["0p833_0p833_0p167_0p167"],"t":21,"s":[100],"e":[0]},{"t":31}],"ix":11},"r":{"a":0,"k":0,"ix":10},"p":{"a":1,"k":[{"i":{"x":0.667,"y":1},"o":{"x":0.167,"y":0.167},"n":"0p667_1_0p167_0p167","t":19,"s":[453.539,218.334,0],"e":[453.539,190.334,0],"to":[0,-4.66666650772095,0],"ti":[0,4.66666650772095,0]},{"t":23}],"ix":2},"a":{"a":0,"k":[105.929,145.215,0],"ix":1},"s":{"a":0,"k":[35,35,100],"ix":6}},"ao":0,"shapes":[{"ty":"gr","it":[{"ind":0,"ty":"sh","ix":1,"ks":{"a":0,"k":{"i":[[0,0],[0,0],[3.96,-2.49],[0,0],[-9.58,13.95],[0,0],[0,0],[0,0],[0,0]],"o":[[0,0],[-3.86,2.8],[0,0],[14.91,-9.5],[0,0],[0,0],[0,0],[0,0],[0,0]],"v":[[27.68,83.12],[27.68,54.87],[15.95,62.8],[0,35.18],[36.74,0],[68.03,0],[68.03,27.78],[33.53,93.26],[27.68,83.12]],"c":true},"ix":2},"nm":"Path 1","mn":"ADBE Vector Shape - Group","hd":false},{"ty":"fl","c":{"a":0,"k":[1,0.172549024224,0.333333343267,1],"ix":4},"o":{"a":0,"k":100,"ix":5},"r":1,"nm":"Fill 1","mn":"ADBE Vector Graphic - Fill","hd":false},{"ty":"tr","p":{"a":0,"k":[0,0],"ix":2},"a":{"a":0,"k":[0,0],"ix":1},"s":{"a":0,"k":[311.419,311.419],"ix":3},"r":{"a":0,"k":0,"ix":6},"o":{"a":0,"k":100,"ix":7},"sk":{"a":0,"k":0,"ix":4},"sa":{"a":0,"k":0,"ix":5},"nm":"Transform"}],"nm":"Group 1","np":2,"cix":2,"ix":1,"mn":"ADBE Vector Group","hd":false}],"ip":19,"op":469,"st":19,"bm":0},{"ddd":0,"ind":3,"ty":4,"nm":"sp copy 4 ∩ 1 1","sr":1,"ks":{"o":{"a":1,"k":[{"i":{"x":[0.833],"y":[0.833]},"o":{"x":[0.167],"y":[0.167]},"n":["0p833_0p833_0p167_0p167"],"t":22,"s":[100],"e":[0]},{"t":32}],"ix":11},"r":{"a":0,"k":0,"ix":10},"p":{"a":1,"k":[{"i":{"x":0.667,"y":1},"o":{"x":0.167,"y":0.167},"n":"0p667_1_0p167_0p167","t":19,"s":[415.483,242.259,0],"e":[406.483,261.259,0],"to":[-1.5,3.16666674613953,0],"ti":[1.5,-3.16666674613953,0]},{"t":23}],"ix":2},"a":{"a":0,"k":[52.443,35.439,0],"ix":1},"s":{"a":0,"k":[35,35,100],"ix":6}},"ao":0,"shapes":[{"ty":"gr","it":[{"ind":0,"ty":"sh","ix":1,"ks":{"a":0,"k":{"i":[[0,0],[11.6,-4.6],[0,0],[0,0]],"o":[[-10.85,6.83],[0,0],[0,0],[0,0]],"v":[[33.68,5.61],[0,22.76],[32.77,0],[33.68,5.61]],"c":true},"ix":2},"nm":"Path 1","mn":"ADBE Vector Shape - Group","hd":false},{"ty":"fl","c":{"a":0,"k":[1,0.172549024224,0.333333343267,1],"ix":4},"o":{"a":0,"k":100,"ix":5},"r":1,"nm":"Fill 1","mn":"ADBE Vector Graphic - Fill","hd":false},{"ty":"tr","p":{"a":0,"k":[0,0],"ix":2},"a":{"a":0,"k":[0,0],"ix":1},"s":{"a":0,"k":[311.419,311.419],"ix":3},"r":{"a":0,"k":0,"ix":6},"o":{"a":0,"k":100,"ix":7},"sk":{"a":0,"k":0,"ix":4},"sa":{"a":0,"k":0,"ix":5},"nm":"Transform"}],"nm":"Group 1","np":2,"cix":2,"ix":1,"mn":"ADBE Vector Group","hd":false}],"ip":19,"op":469,"st":19,"bm":0},{"ddd":0,"ind":4,"ty":4,"nm":"sp copy 4 ∩ 1","sr":1,"ks":{"o":{"a":1,"k":[{"i":{"x":[0.833],"y":[0.833]},"o":{"x":[0.167],"y":[0.167]},"n":["0p833_0p833_0p167_0p167"],"t":19,"s":[100],"e":[0]},{"t":29}],"ix":11},"r":{"a":0,"k":0,"ix":10},"p":{"a":1,"k":[{"i":{"x":0.667,"y":1},"o":{"x":0.167,"y":0.167},"n":"0p667_1_0p167_0p167","t":19,"s":[450.689,339.811,0],"e":[436.689,339.811,0],"to":[-2.33333325386047,0,0],"ti":[2.33333325386047,0,0]},{"t":23}],"ix":2},"a":{"a":0,"k":[11.585,71.377,0],"ix":1},"s":{"a":0,"k":[35,35,100],"ix":6}},"ao":0,"shapes":[{"ty":"gr","it":[{"ind":0,"ty":"sh","ix":1,"ks":{"a":0,"k":{"i":[[0,0],[0,0],[0,0],[0,0]],"o":[[0,0],[0,0],[0,0],[0,0]],"v":[[7.44,45.84],[0,45.84],[0,0],[7.44,45.84]],"c":true},"ix":2},"nm":"Path 1","mn":"ADBE Vector Shape - Group","hd":false},{"ty":"fl","c":{"a":0,"k":[1,0.172549024224,0.333333343267,1],"ix":4},"o":{"a":0,"k":100,"ix":5},"r":1,"nm":"Fill 1","mn":"ADBE Vector Graphic - Fill","hd":false},{"ty":"tr","p":{"a":0,"k":[0,0],"ix":2},"a":{"a":0,"k":[0,0],"ix":1},"s":{"a":0,"k":[311.419,311.419],"ix":3},"r":{"a":0,"k":0,"ix":6},"o":{"a":0,"k":100,"ix":7},"sk":{"a":0,"k":0,"ix":4},"sa":{"a":0,"k":0,"ix":5},"nm":"Transform"}],"nm":"Group 1","np":2,"cix":2,"ix":1,"mn":"ADBE Vector Group","hd":false}],"ip":19,"op":469,"st":19,"bm":0},{"ddd":0,"ind":5,"ty":4,"nm":"sp copy 5 ∩ 1","sr":1,"ks":{"o":{"a":1,"k":[{"i":{"x":[0.833],"y":[0.833]},"o":{"x":[0.167],"y":[0.167]},"n":["0p833_0p833_0p167_0p167"],"t":20,"s":[100],"e":[0]},{"t":30}],"ix":11},"r":{"a":0,"k":0,"ix":10},"p":{"a":1,"k":[{"i":{"x":0.667,"y":1},"o":{"x":0.167,"y":0.167},"n":"0p667_1_0p167_0p167","t":19,"s":[473.703,229.882,0],"e":[504.703,206.882,0],"to":[5.16666650772095,-3.83333325386047,0],"ti":[-5.16666650772095,3.83333325386047,0]},{"t":23}],"ix":2},"a":{"a":0,"k":[48.317,91.697,0],"ix":1},"s":{"a":0,"k":[35,35,100],"ix":6}},"ao":0,"shapes":[{"ty":"gr","it":[{"ind":0,"ty":"sh","ix":1,"ks":{"a":0,"k":{"i":[[0,0],[0,0],[0,0],[0,0]],"o":[[0,0],[0,0],[0,0],[0,0]],"v":[[31.03,0],[31.03,53.98],[0,58.89],[31.03,0]],"c":true},"ix":2},"nm":"Path 1","mn":"ADBE Vector Shape - Group","hd":false},{"ty":"fl","c":{"a":0,"k":[1,0.172549024224,0.333333343267,1],"ix":4},"o":{"a":0,"k":100,"ix":5},"r":1,"nm":"Fill 1","mn":"ADBE Vector Graphic - Fill","hd":false},{"ty":"tr","p":{"a":0,"k":[0,0],"ix":2},"a":{"a":0,"k":[0,0],"ix":1},"s":{"a":0,"k":[311.419,311.419],"ix":3},"r":{"a":0,"k":0,"ix":6},"o":{"a":0,"k":100,"ix":7},"sk":{"a":0,"k":0,"ix":4},"sa":{"a":0,"k":0,"ix":5},"nm":"Transform"}],"nm":"Group 1","np":2,"cix":2,"ix":1,"mn":"ADBE Vector Group","hd":false}],"ip":19,"op":469,"st":19,"bm":0},{"ddd":0,"ind":6,"ty":4,"nm":"sp copy 6 ∩ 1","sr":1,"ks":{"o":{"a":1,"k":[{"i":{"x":[0.833],"y":[0.833]},"o":{"x":[0.167],"y":[0.167]},"n":["0p833_0p833_0p167_0p167"],"t":21,"s":[100],"e":[0]},{"t":31}],"ix":11},"r":{"a":0,"k":0,"ix":10},"p":{"a":1,"k":[{"i":{"x":0.667,"y":1},"o":{"x":0.167,"y":0.167},"n":"0p667_1_0p167_0p167","t":19,"s":[407.423,232.656,0],"e":[388.423,223.656,0],"to":[-3.16666674613953,-1.5,0],"ti":[3.16666674613953,1.5,0]},{"t":23}],"ix":2},"a":{"a":0,"k":[67.5,76.578,0],"ix":1},"s":{"a":0,"k":[35,35,100],"ix":6}},"ao":0,"shapes":[{"ty":"gr","it":[{"ind":0,"ty":"sh","ix":1,"ks":{"a":0,"k":{"i":[[0,0],[4.12,-1.33],[0,0],[-9.02,5.74],[0,0],[0,0]],"o":[[-4.03,1.6],[0,0],[10.96,-4.11],[0,0],[0,0],[0,0]],"v":[[12.23,44.79],[0,49.18],[0,14.78],[29.97,0],[43.35,23.18],[12.23,44.79]],"c":true},"ix":2},"nm":"Path 1","mn":"ADBE Vector Shape - Group","hd":false},{"ty":"fl","c":{"a":0,"k":[1,0.172549024224,0.333333343267,1],"ix":4},"o":{"a":0,"k":100,"ix":5},"r":1,"nm":"Fill 1","mn":"ADBE Vector Graphic - Fill","hd":false},{"ty":"tr","p":{"a":0,"k":[0,0],"ix":2},"a":{"a":0,"k":[0,0],"ix":1},"s":{"a":0,"k":[311.419,311.419],"ix":3},"r":{"a":0,"k":0,"ix":6},"o":{"a":0,"k":100,"ix":7},"sk":{"a":0,"k":0,"ix":4},"sa":{"a":0,"k":0,"ix":5},"nm":"Transform"}],"nm":"Group 1","np":2,"cix":2,"ix":1,"mn":"ADBE Vector Group","hd":false}],"ip":19,"op":469,"st":19,"bm":0},{"ddd":0,"ind":7,"ty":4,"nm":"sp copy 7 ∩ 1 1","sr":1,"ks":{"o":{"a":1,"k":[{"i":{"x":[0.833],"y":[0.833]},"o":{"x":[0.167],"y":[0.167]},"n":["0p833_0p833_0p167_0p167"],"t":20,"s":[100],"e":[0]},{"t":30}],"ix":11},"r":{"a":0,"k":0,"ix":10},"p":{"a":1,"k":[{"i":{"x":0.667,"y":1},"o":{"x":0.167,"y":0.167},"n":"0p667_1_0p167_0p167","t":19,"s":[433.832,235.953,0],"e":[424.832,226.953,0],"to":[-1.5,-1.5,0],"ti":[1.5,1.5,0]},{"t":23}],"ix":2},"a":{"a":0,"k":[0.016,0.047,0],"ix":1},"s":{"a":0,"k":[35,35,100],"ix":6}},"ao":0,"shapes":[{"ty":"gr","it":[{"ind":0,"ty":"sh","ix":1,"ks":{"a":0,"k":{"i":[[0,0],[0,0],[0,0],[0,0.01]],"o":[[0,0],[0,0],[0.01,0],[0,0]],"v":[[0.01,0.02],[0,0],[0,0.03],[0.01,0.02]],"c":true},"ix":2},"nm":"Path 1","mn":"ADBE Vector Shape - Group","hd":false},{"ty":"fl","c":{"a":0,"k":[1,0.172549024224,0.333333343267,1],"ix":4},"o":{"a":0,"k":100,"ix":5},"r":1,"nm":"Fill 1","mn":"ADBE Vector Graphic - Fill","hd":false},{"ty":"tr","p":{"a":0,"k":[0,0],"ix":2},"a":{"a":0,"k":[0,0],"ix":1},"s":{"a":0,"k":[311.419,311.419],"ix":3},"r":{"a":0,"k":0,"ix":6},"o":{"a":0,"k":100,"ix":7},"sk":{"a":0,"k":0,"ix":4},"sa":{"a":0,"k":0,"ix":5},"nm":"Transform"}],"nm":"Group 1","np":2,"cix":2,"ix":1,"mn":"ADBE Vector Group","hd":false}],"ip":19,"op":469,"st":19,"bm":0},{"ddd":0,"ind":8,"ty":4,"nm":"sp copy 7 ∩ 1","sr":1,"ks":{"o":{"a":1,"k":[{"i":{"x":[0.833],"y":[0.833]},"o":{"x":[0.167],"y":[0.167]},"n":["0p833_0p833_0p167_0p167"],"t":20,"s":[100],"e":[0]},{"t":30}],"ix":11},"r":{"a":0,"k":0,"ix":10},"p":{"a":1,"k":[{"i":{"x":0.667,"y":1},"o":{"x":0.167,"y":0.167},"n":"0p667_1_0p167_0p167","t":19,"s":[468.624,311.45,0],"e":[490.624,331.657,0],"to":[3.66666674613953,3.36787915229797,0],"ti":[-3.66666674613953,-3.36787915229797,0]},{"t":23}],"ix":2},"a":{"a":0,"k":[62.829,152.408,0],"ix":1},"s":{"a":0,"k":[35,35,100],"ix":6}},"ao":0,"shapes":[{"ty":"gr","it":[{"ind":0,"ty":"sh","ix":1,"ks":{"a":0,"k":{"i":[[0,0],[0,0],[0,0],[0,0],[0,0],[0,0],[0,0],[0,0]],"o":[[0,0],[0,0],[0,0],[0,0],[0,0],[0,0],[0,0],[0,0]],"v":[[7.44,97.88],[0,52.04],[0,0],[5.85,10.14],[8.86,4.43],[40.35,49.31],[40.35,97.88],[7.44,97.88]],"c":true},"ix":2},"nm":"Path 1","mn":"ADBE Vector Shape - Group","hd":false},{"ty":"fl","c":{"a":0,"k":[1,0.172549024224,0.333333343267,1],"ix":4},"o":{"a":0,"k":100,"ix":5},"r":1,"nm":"Fill 1","mn":"ADBE Vector Graphic - Fill","hd":false},{"ty":"tr","p":{"a":0,"k":[0,0],"ix":2},"a":{"a":0,"k":[0,0],"ix":1},"s":{"a":0,"k":[311.419,311.419],"ix":3},"r":{"a":0,"k":0,"ix":6},"o":{"a":0,"k":100,"ix":7},"sk":{"a":0,"k":0,"ix":4},"sa":{"a":0,"k":0,"ix":5},"nm":"Transform"}],"nm":"Group 1","np":2,"cix":2,"ix":1,"mn":"ADBE Vector Group","hd":false}],"ip":19,"op":469,"st":19,"bm":0},{"ddd":0,"ind":9,"ty":0,"nm":"origin","refId":"comp_6","sr":1,"ks":{"o":{"a":1,"k":[{"i":{"x":[0.833],"y":[0.833]},"o":{"x":[0.167],"y":[0.167]},"n":["0p833_0p833_0p167_0p167"],"t":0,"s":[0],"e":[100]},{"t":3}],"ix":11},"r":{"a":0,"k":0,"ix":10},"p":{"a":0,"k":[454.75,258.75,0],"ix":2},"a":{"a":0,"k":[454.75,258.75,0],"ix":1},"s":{"a":1,"k":[{"i":{"x":[0.659,0.659,0.659],"y":[0.82,0.82,1]},"o":{"x":[0.297,0.297,0.297],"y":[0,0,0]},"n":["0p659_0p82_0p297_0","0p659_0p82_0p297_0","0p659_1_0p297_0"],"t":0,"s":[0,0,100],"e":[110,110,100]},{"i":{"x":[0.815,0.815,0.815],"y":[1.925,1.925,1]},"o":{"x":[0.425,0.425,0.425],"y":[-2.468,-2.468,0]},"n":["0p815_1p925_0p425_-2p468","0p815_1p925_0p425_-2p468","0p815_1_0p425_0"],"t":3,"s":[110,110,100],"e":[100,100,100]},{"t":6}],"ix":6}},"ao":0,"w":900,"h":792,"ip":0,"op":19,"st":0,"bm":0}]},{"id":"comp_6","layers":[{"ddd":0,"ind":1,"ty":4,"nm":"1","sr":1,"ks":{"o":{"a":0,"k":100,"ix":11},"r":{"a":0,"k":0,"ix":10},"p":{"a":0,"k":[128,70,0],"ix":2},"a":{"a":0,"k":[0,0,0],"ix":1},"s":{"a":0,"k":[100,100,100],"ix":6}},"ao":0,"shapes":[{"ty":"gr","it":[{"ind":0,"ty":"sh","ix":1,"ks":{"a":0,"k":{"i":[[0,0],[0,0],[0,0],[20.234,-6.563],[0,0],[-15.313,22.422],[0,0]],"o":[[0,0],[0,0],[-18.047,13.125],[0,0],[28.984,-10.938],[0,0],[0,0]],"v":[[359.359,286.227],[319.164,286.227],[319.164,159.898],[261.742,189.43],[261.742,154.977],[328.188,104.938],[359.359,104.938]],"c":true},"ix":2},"nm":"Path 1","mn":"ADBE Vector Shape - Group","hd":false},{"ty":"fl","c":{"a":0,"k":[1,0.172549024224,0.333333343267,1],"ix":4},"o":{"a":0,"k":100,"ix":5},"r":2,"nm":"Fill 1","mn":"ADBE Vector Graphic - Fill","hd":false},{"ty":"tr","p":{"a":0,"k":[310.551,195.582],"ix":2},"a":{"a":0,"k":[310.551,195.582],"ix":1},"s":{"a":0,"k":[100,100],"ix":3},"r":{"a":0,"k":0,"ix":6},"o":{"a":0,"k":100,"ix":7},"sk":{"a":0,"k":0,"ix":4},"sa":{"a":0,"k":0,"ix":5},"nm":"Transform"}],"nm":"Group 1","np":2,"cix":2,"ix":1,"mn":"ADBE Vector Group","hd":false}],"ip":0,"op":450,"st":0,"bm":0}]},{"id":"comp_7","layers":[{"ddd":0,"ind":7,"ty":0,"nm":"origin","refId":"comp_8","sr":1,"ks":{"o":{"a":1,"k":[{"i":{"x":[0.833],"y":[0.833]},"o":{"x":[0.167],"y":[0.167]},"n":["0p833_0p833_0p167_0p167"],"t":0,"s":[0],"e":[100]},{"t":3}],"ix":11},"r":{"a":0,"k":0,"ix":10},"p":{"a":0,"k":[454.75,258.75,0],"ix":2},"a":{"a":0,"k":[454.75,258.75,0],"ix":1},"s":{"a":1,"k":[{"i":{"x":[0.659,0.659,0.659],"y":[0.82,0.82,1]},"o":{"x":[0.297,0.297,0.297],"y":[0,0,0]},"n":["0p659_0p82_0p297_0","0p659_0p82_0p297_0","0p659_1_0p297_0"],"t":0,"s":[0,0,100],"e":[110,110,100]},{"i":{"x":[0.815,0.815,0.815],"y":[1.925,1.925,1]},"o":{"x":[0.425,0.425,0.425],"y":[-2.468,-2.468,0]},"n":["0p815_1p925_0p425_-2p468","0p815_1p925_0p425_-2p468","0p815_1_0p425_0"],"t":3,"s":[110,110,100],"e":[100,100,100]},{"t":6}],"ix":6}},"ao":0,"w":900,"h":792,"ip":0,"op":41,"st":0,"bm":0}]},{"id":"comp_8","layers":[{"ddd":0,"ind":1,"ty":4,"nm":"0","sr":1,"ks":{"o":{"a":0,"k":100,"ix":11},"r":{"a":0,"k":0,"ix":10},"p":{"a":0,"k":[-210,64,0],"ix":2},"a":{"a":0,"k":[0,0,0],"ix":1},"s":{"a":0,"k":[100,100,100],"ix":6}},"ao":0,"shapes":[{"ty":"gr","it":[{"ind":0,"ty":"sh","ix":1,"ks":{"a":0,"k":{"i":[[0.547,42.11],[18.047,-1.094],[0,-43.75],[-18.594,0]],"o":[[0.547,-44.297],[-18.594,-0.547],[0,42.11],[18.047,0]],"v":[[696.18,196.812],[669.93,132.008],[642.039,196.812],[669.93,259.977]],"c":true},"ix":2},"nm":"Path","mn":"ADBE Vector Shape - Group","hd":false},{"ind":1,"ty":"sh","ix":2,"ks":{"a":0,"k":{"i":[[-0.547,-62.344],[47.578,1.094],[0.547,60.157],[-44.844,2.188]],"o":[[1.094,62.891],[-45.938,-1.094],[1.641,-61.25],[45.938,0.547]],"v":[[738.836,195.992],[669.109,288.688],[599.383,196.812],[669.109,101.656]],"c":true},"ix":2},"nm":"Path","mn":"ADBE Vector Shape - Group","hd":false},{"ty":"fl","c":{"a":0,"k":[1,0.172549024224,0.333333343267,1],"ix":4},"o":{"a":0,"k":100,"ix":5},"r":2,"nm":"Fill 1","mn":"ADBE Vector Graphic - Fill","hd":false},{"ty":"tr","p":{"a":0,"k":[669.128,195.186],"ix":2},"a":{"a":0,"k":[669.128,195.186],"ix":1},"s":{"a":0,"k":[100,100],"ix":3},"r":{"a":0,"k":0,"ix":6},"o":{"a":0,"k":100,"ix":7},"sk":{"a":0,"k":0,"ix":4},"sa":{"a":0,"k":0,"ix":5},"nm":"Transform"}],"nm":"Group 1","np":3,"cix":2,"ix":1,"mn":"ADBE Vector Group","hd":false}],"ip":0,"op":450,"st":0,"bm":0}]},{"id":"comp_9","layers":[{"ddd":0,"ind":1,"ty":4,"nm":"Path 4","sr":1,"ks":{"o":{"a":1,"k":[{"i":{"x":[0.833],"y":[0.833]},"o":{"x":[0.167],"y":[0.167]},"n":["0p833_0p833_0p167_0p167"],"t":-105,"s":[0],"e":[100]},{"i":{"x":[0.833],"y":[0.833]},"o":{"x":[0.167],"y":[0.167]},"n":["0p833_0p833_0p167_0p167"],"t":-90,"s":[100],"e":[100]},{"i":{"x":[0.833],"y":[0.833]},"o":{"x":[0.167],"y":[0.167]},"n":["0p833_0p833_0p167_0p167"],"t":0,"s":[100],"e":[0]},{"t":15}],"ix":11},"r":{"a":0,"k":0,"ix":10},"p":{"s":true,"x":{"a":0,"k":495,"ix":3},"y":{"a":1,"k":[{"i":{"x":[0.833],"y":[0.833]},"o":{"x":[0.167],"y":[0.167]},"n":["0p833_0p833_0p167_0p167"],"t":-105,"s":[296],"e":[569]},{"t":15}],"ix":4}},"a":{"a":0,"k":[0,0,0],"ix":1},"s":{"a":0,"k":[100,100,100],"ix":6}},"ao":0,"shapes":[{"ty":"gr","it":[{"ind":0,"ty":"sh","ix":1,"ks":{"a":0,"k":{"i":[[0,0],[0,0]],"o":[[0,0],[0,0]],"v":[[164,-134.823],[209.177,-180]],"c":false},"ix":2},"nm":"Path 1","mn":"ADBE Vector Shape - Group","hd":false},{"ty":"st","c":{"a":0,"k":[0.656380355358,0.27870503068,1,1],"ix":3},"o":{"a":0,"k":100,"ix":4},"w":{"a":0,"k":5,"ix":5},"lc":2,"lj":2,"nm":"Stroke 1","mn":"ADBE Vector Graphic - Stroke","hd":false},{"ty":"tr","p":{"a":0,"k":[186.589,-157.411],"ix":2},"a":{"a":0,"k":[186.589,-157.411],"ix":1},"s":{"a":0,"k":[100,100],"ix":3},"r":{"a":1,"k":[{"i":{"x":[0.833],"y":[0.833]},"o":{"x":[0.167],"y":[0.167]},"n":["0p833_0p833_0p167_0p167"],"t":-105,"s":[0],"e":[-68]},{"t":16}],"ix":6},"o":{"a":0,"k":100,"ix":7},"sk":{"a":0,"k":0,"ix":4},"sa":{"a":0,"k":0,"ix":5},"nm":"Transform"}],"nm":"Group 1","np":3,"cix":2,"ix":1,"mn":"ADBE Vector Group","hd":false}],"ip":0,"op":15,"st":-105,"bm":0},{"ddd":0,"ind":2,"ty":4,"nm":"Path 2","sr":1,"ks":{"o":{"a":1,"k":[{"i":{"x":[0.833],"y":[0.833]},"o":{"x":[0.167],"y":[0.167]},"n":["0p833_0p833_0p167_0p167"],"t":15,"s":[0],"e":[100]},{"i":{"x":[0.833],"y":[0.833]},"o":{"x":[0.167],"y":[0.167]},"n":["0p833_0p833_0p167_0p167"],"t":30,"s":[100],"e":[100]},{"i":{"x":[0.833],"y":[0.833]},"o":{"x":[0.167],"y":[0.167]},"n":["0p833_0p833_0p167_0p167"],"t":120,"s":[100],"e":[0]},{"t":135}],"ix":11},"r":{"a":0,"k":0,"ix":10},"p":{"s":true,"x":{"a":0,"k":495,"ix":3},"y":{"a":1,"k":[{"i":{"x":[0.833],"y":[0.833]},"o":{"x":[0.167],"y":[0.167]},"n":["0p833_0p833_0p167_0p167"],"t":15,"s":[296],"e":[569]},{"t":135}],"ix":4}},"a":{"a":0,"k":[0,0,0],"ix":1},"s":{"a":0,"k":[100,100,100],"ix":6}},"ao":0,"shapes":[{"ty":"gr","it":[{"ind":0,"ty":"sh","ix":1,"ks":{"a":0,"k":{"i":[[0,0],[0,0]],"o":[[0,0],[0,0]],"v":[[164,-134.823],[209.177,-180]],"c":false},"ix":2},"nm":"Path 1","mn":"ADBE Vector Shape - Group","hd":false},{"ty":"st","c":{"a":0,"k":[0.656380355358,0.27870503068,1,1],"ix":3},"o":{"a":0,"k":100,"ix":4},"w":{"a":0,"k":5,"ix":5},"lc":2,"lj":2,"nm":"Stroke 1","mn":"ADBE Vector Graphic - Stroke","hd":false},{"ty":"tr","p":{"a":0,"k":[186.589,-157.411],"ix":2},"a":{"a":0,"k":[186.589,-157.411],"ix":1},"s":{"a":0,"k":[100,100],"ix":3},"r":{"a":1,"k":[{"i":{"x":[0.833],"y":[0.833]},"o":{"x":[0.167],"y":[0.167]},"n":["0p833_0p833_0p167_0p167"],"t":15,"s":[0],"e":[-68]},{"t":136}],"ix":6},"o":{"a":0,"k":100,"ix":7},"sk":{"a":0,"k":0,"ix":4},"sa":{"a":0,"k":0,"ix":5},"nm":"Transform"}],"nm":"Group 1","np":3,"cix":2,"ix":1,"mn":"ADBE Vector Group","hd":false}],"ip":15,"op":120,"st":15,"bm":0},{"ddd":0,"ind":3,"ty":4,"nm":"Rectangle 5","sr":1,"ks":{"o":{"a":1,"k":[{"i":{"x":[0.833],"y":[0.833]},"o":{"x":[0.167],"y":[0.167]},"n":["0p833_0p833_0p167_0p167"],"t":-99,"s":[0],"e":[100]},{"i":{"x":[0.833],"y":[0.833]},"o":{"x":[0.167],"y":[0.167]},"n":["0p833_0p833_0p167_0p167"],"t":-84,"s":[100],"e":[100]},{"i":{"x":[0.833],"y":[0.833]},"o":{"x":[0.167],"y":[0.167]},"n":["0p833_0p833_0p167_0p167"],"t":6,"s":[100],"e":[0]},{"t":21}],"ix":11},"r":{"a":0,"k":0,"ix":10},"p":{"s":true,"x":{"a":0,"k":405.5,"ix":3},"y":{"a":1,"k":[{"i":{"x":[0.833],"y":[0.833]},"o":{"x":[0.167],"y":[0.167]},"n":["0p833_0p833_0p167_0p167"],"t":-99,"s":[376],"e":[649]},{"t":21}],"ix":4}},"a":{"a":0,"k":[0,0,0],"ix":1},"s":{"a":0,"k":[100,100,100],"ix":6}},"ao":0,"shapes":[{"ty":"gr","it":[{"ind":0,"ty":"sh","ix":1,"ks":{"a":0,"k":{"i":[[7.625,2.608],[0,0],[-3.402,-7.258],[0.907,-6.804],[0,0],[2.722,4.309]],"o":[[0,0],[9.072,0.68],[3.402,7.258],[0,0],[-0.314,-6.691],[-2.722,-4.309]],"v":[[-183.472,-239.71],[-174.967,-245.834],[-156.255,-233.927],[-152.513,-212.834],[-163.4,-212.834],[-167.952,-229.334]],"c":true},"ix":2},"nm":"Path 1","mn":"ADBE Vector Shape - Group","hd":false},{"ty":"fl","c":{"a":0,"k":[1,0.172549024224,0.333333343267,1],"ix":4},"o":{"a":0,"k":100,"ix":5},"r":2,"nm":"Fill 1","mn":"ADBE Vector Graphic - Fill","hd":false},{"ty":"tr","p":{"a":0,"k":[-167.849,-229.334],"ix":2},"a":{"a":0,"k":[-167.849,-229.334],"ix":1},"s":{"a":0,"k":[100,100],"ix":3},"r":{"a":0,"k":-68,"ix":6},"o":{"a":0,"k":100,"ix":7},"sk":{"a":0,"k":0,"ix":4},"sa":{"a":0,"k":0,"ix":5},"nm":"Transform"}],"nm":"Group 1","np":3,"cix":2,"ix":1,"mn":"ADBE Vector Group","hd":false}],"ip":0,"op":21,"st":-99,"bm":0},{"ddd":0,"ind":4,"ty":4,"nm":"Rectangle 2","sr":1,"ks":{"o":{"a":1,"k":[{"i":{"x":[0.833],"y":[0.833]},"o":{"x":[0.167],"y":[0.167]},"n":["0p833_0p833_0p167_0p167"],"t":21,"s":[0],"e":[100]},{"i":{"x":[0.833],"y":[0.833]},"o":{"x":[0.167],"y":[0.167]},"n":["0p833_0p833_0p167_0p167"],"t":36,"s":[100],"e":[100]},{"i":{"x":[0.833],"y":[0.833]},"o":{"x":[0.167],"y":[0.167]},"n":["0p833_0p833_0p167_0p167"],"t":126,"s":[100],"e":[0]},{"t":141}],"ix":11},"r":{"a":0,"k":0,"ix":10},"p":{"s":true,"x":{"a":0,"k":405.5,"ix":3},"y":{"a":1,"k":[{"i":{"x":[0.833],"y":[0.833]},"o":{"x":[0.167],"y":[0.167]},"n":["0p833_0p833_0p167_0p167"],"t":21,"s":[376],"e":[649]},{"t":141}],"ix":4}},"a":{"a":0,"k":[0,0,0],"ix":1},"s":{"a":0,"k":[100,100,100],"ix":6}},"ao":0,"shapes":[{"ty":"gr","it":[{"ind":0,"ty":"sh","ix":1,"ks":{"a":0,"k":{"i":[[7.625,2.608],[0,0],[-3.402,-7.258],[0.907,-6.804],[0,0],[2.722,4.309]],"o":[[0,0],[9.072,0.68],[3.402,7.258],[0,0],[-0.314,-6.691],[-2.722,-4.309]],"v":[[-183.472,-239.71],[-174.967,-245.834],[-156.255,-233.927],[-152.513,-212.834],[-163.4,-212.834],[-167.952,-229.334]],"c":true},"ix":2},"nm":"Path 1","mn":"ADBE Vector Shape - Group","hd":false},{"ty":"fl","c":{"a":0,"k":[1,0.172549024224,0.333333343267,1],"ix":4},"o":{"a":0,"k":100,"ix":5},"r":2,"nm":"Fill 1","mn":"ADBE Vector Graphic - Fill","hd":false},{"ty":"tr","p":{"a":0,"k":[-167.849,-229.334],"ix":2},"a":{"a":0,"k":[-167.849,-229.334],"ix":1},"s":{"a":0,"k":[100,100],"ix":3},"r":{"a":0,"k":-68,"ix":6},"o":{"a":0,"k":100,"ix":7},"sk":{"a":0,"k":0,"ix":4},"sa":{"a":0,"k":0,"ix":5},"nm":"Transform"}],"nm":"Group 1","np":3,"cix":2,"ix":1,"mn":"ADBE Vector Group","hd":false}],"ip":21,"op":120,"st":21,"bm":0},{"ddd":0,"ind":5,"ty":4,"nm":"Triangle 3","sr":1,"ks":{"o":{"a":1,"k":[{"i":{"x":[0.833],"y":[0.833]},"o":{"x":[0.167],"y":[0.167]},"n":["0p833_0p833_0p167_0p167"],"t":-82,"s":[0],"e":[100]},{"i":{"x":[0.833],"y":[0.833]},"o":{"x":[0.167],"y":[0.167]},"n":["0p833_0p833_0p167_0p167"],"t":-67,"s":[100],"e":[100]},{"i":{"x":[0.833],"y":[0.833]},"o":{"x":[0.167],"y":[0.167]},"n":["0p833_0p833_0p167_0p167"],"t":23,"s":[100],"e":[0]},{"t":38}],"ix":11},"r":{"a":0,"k":0,"ix":10},"p":{"s":true,"x":{"a":0,"k":502.5,"ix":3},"y":{"a":1,"k":[{"i":{"x":[0.833],"y":[0.833]},"o":{"x":[0.167],"y":[0.167]},"n":["0p833_0p833_0p167_0p167"],"t":-82,"s":[376],"e":[649]},{"t":38}],"ix":4}},"a":{"a":0,"k":[0,0,0],"ix":1},"s":{"a":0,"k":[100,100,100],"ix":6}},"ao":0,"shapes":[{"ty":"gr","it":[{"ind":0,"ty":"sh","ix":1,"ks":{"a":0,"k":{"i":[[0,0],[0,0],[0,0]],"o":[[0,0],[0,0],[0,0]],"v":[[-162.197,-257.041],[-162.197,-236.041],[-186.197,-236.041]],"c":true},"ix":2},"nm":"Path 1","mn":"ADBE Vector Shape - Group","hd":false},{"ty":"fl","c":{"a":0,"k":[1,0.701960802078,0.282352954149,1],"ix":4},"o":{"a":0,"k":100,"ix":5},"r":2,"nm":"Fill 1","mn":"ADBE Vector Graphic - Fill","hd":false},{"ty":"tr","p":{"a":0,"k":[-174.197,-246.541],"ix":2},"a":{"a":0,"k":[-174.197,-246.541],"ix":1},"s":{"a":0,"k":[100,100],"ix":3},"r":{"a":1,"k":[{"i":{"x":[0.833],"y":[0.833]},"o":{"x":[0.167],"y":[0.167]},"n":["0p833_0p833_0p167_0p167"],"t":-82,"s":[-117],"e":[-34]},{"t":38}],"ix":6},"o":{"a":0,"k":100,"ix":7},"sk":{"a":0,"k":0,"ix":4},"sa":{"a":0,"k":0,"ix":5},"nm":"Transform"}],"nm":"Group 1","np":3,"cix":2,"ix":1,"mn":"ADBE Vector Group","hd":false}],"ip":0,"op":38,"st":-82,"bm":0},{"ddd":0,"ind":6,"ty":4,"nm":"Triangle","sr":1,"ks":{"o":{"a":1,"k":[{"i":{"x":[0.833],"y":[0.833]},"o":{"x":[0.167],"y":[0.167]},"n":["0p833_0p833_0p167_0p167"],"t":38,"s":[0],"e":[100]},{"i":{"x":[0.833],"y":[0.833]},"o":{"x":[0.167],"y":[0.167]},"n":["0p833_0p833_0p167_0p167"],"t":53,"s":[100],"e":[100]},{"i":{"x":[0.833],"y":[0.833]},"o":{"x":[0.167],"y":[0.167]},"n":["0p833_0p833_0p167_0p167"],"t":143,"s":[100],"e":[0]},{"t":158}],"ix":11},"r":{"a":0,"k":0,"ix":10},"p":{"s":true,"x":{"a":0,"k":502.5,"ix":3},"y":{"a":1,"k":[{"i":{"x":[0.833],"y":[0.833]},"o":{"x":[0.167],"y":[0.167]},"n":["0p833_0p833_0p167_0p167"],"t":38,"s":[376],"e":[649]},{"t":158}],"ix":4}},"a":{"a":0,"k":[0,0,0],"ix":1},"s":{"a":0,"k":[100,100,100],"ix":6}},"ao":0,"shapes":[{"ty":"gr","it":[{"ind":0,"ty":"sh","ix":1,"ks":{"a":0,"k":{"i":[[0,0],[0,0],[0,0]],"o":[[0,0],[0,0],[0,0]],"v":[[-162.197,-257.041],[-162.197,-236.041],[-186.197,-236.041]],"c":true},"ix":2},"nm":"Path 1","mn":"ADBE Vector Shape - Group","hd":false},{"ty":"fl","c":{"a":0,"k":[1,0.701960802078,0.282352954149,1],"ix":4},"o":{"a":0,"k":100,"ix":5},"r":2,"nm":"Fill 1","mn":"ADBE Vector Graphic - Fill","hd":false},{"ty":"tr","p":{"a":0,"k":[-174.197,-246.541],"ix":2},"a":{"a":0,"k":[-174.197,-246.541],"ix":1},"s":{"a":0,"k":[100,100],"ix":3},"r":{"a":1,"k":[{"i":{"x":[0.833],"y":[0.833]},"o":{"x":[0.167],"y":[0.167]},"n":["0p833_0p833_0p167_0p167"],"t":38,"s":[-117],"e":[-34]},{"t":158}],"ix":6},"o":{"a":0,"k":100,"ix":7},"sk":{"a":0,"k":0,"ix":4},"sa":{"a":0,"k":0,"ix":5},"nm":"Transform"}],"nm":"Group 1","np":3,"cix":2,"ix":1,"mn":"ADBE Vector Group","hd":false}],"ip":38,"op":120,"st":38,"bm":0},{"ddd":0,"ind":7,"ty":4,"nm":"Rectangle 4","sr":1,"ks":{"o":{"a":1,"k":[{"i":{"x":[0.833],"y":[0.833]},"o":{"x":[0.167],"y":[0.167]},"n":["0p833_0p833_0p167_0p167"],"t":-73,"s":[0],"e":[100]},{"i":{"x":[0.833],"y":[0.833]},"o":{"x":[0.167],"y":[0.167]},"n":["0p833_0p833_0p167_0p167"],"t":-58,"s":[100],"e":[100]},{"i":{"x":[0.833],"y":[0.833]},"o":{"x":[0.167],"y":[0.167]},"n":["0p833_0p833_0p167_0p167"],"t":32,"s":[100],"e":[0]},{"t":47}],"ix":11},"r":{"a":0,"k":0,"ix":10},"p":{"s":true,"x":{"a":0,"k":450,"ix":3},"y":{"a":1,"k":[{"i":{"x":[0.833],"y":[0.833]},"o":{"x":[0.167],"y":[0.167]},"n":["0p833_0p833_0p167_0p167"],"t":-73,"s":[376],"e":[649]},{"t":47}],"ix":4}},"a":{"a":0,"k":[0,0,0],"ix":1},"s":{"a":0,"k":[100,100,100],"ix":6}},"ao":0,"shapes":[{"ty":"gr","it":[{"ind":0,"ty":"sh","ix":1,"ks":{"a":0,"k":{"i":[[7.625,2.608],[0,0],[-3.402,-7.258],[0.907,-6.804],[0,0],[2.722,4.309]],"o":[[0,0],[9.072,0.68],[3.402,7.258],[0,0],[-0.314,-6.691],[-2.722,-4.309]],"v":[[133,-257.876],[141.505,-264],[160.216,-252.093],[163.959,-231],[153.072,-231],[148.519,-247.5]],"c":true},"ix":2},"nm":"Path 1","mn":"ADBE Vector Shape - Group","hd":false},{"ty":"fl","c":{"a":0,"k":[1,0.172549024224,0.333333343267,1],"ix":4},"o":{"a":0,"k":100,"ix":5},"r":2,"nm":"Fill 1","mn":"ADBE Vector Graphic - Fill","hd":false},{"ty":"tr","p":{"a":0,"k":[148.623,-247.5],"ix":2},"a":{"a":0,"k":[148.623,-247.5],"ix":1},"s":{"a":0,"k":[100,100],"ix":3},"r":{"a":0,"k":0,"ix":6},"o":{"a":0,"k":100,"ix":7},"sk":{"a":0,"k":0,"ix":4},"sa":{"a":0,"k":0,"ix":5},"nm":"Transform"}],"nm":"Group 1","np":3,"cix":2,"ix":1,"mn":"ADBE Vector Group","hd":false}],"ip":0,"op":47,"st":-73,"bm":0},{"ddd":0,"ind":8,"ty":4,"nm":"Rectangle 2","sr":1,"ks":{"o":{"a":1,"k":[{"i":{"x":[0.833],"y":[0.833]},"o":{"x":[0.167],"y":[0.167]},"n":["0p833_0p833_0p167_0p167"],"t":47,"s":[0],"e":[100]},{"i":{"x":[0.833],"y":[0.833]},"o":{"x":[0.167],"y":[0.167]},"n":["0p833_0p833_0p167_0p167"],"t":62,"s":[100],"e":[100]},{"i":{"x":[0.833],"y":[0.833]},"o":{"x":[0.167],"y":[0.167]},"n":["0p833_0p833_0p167_0p167"],"t":152,"s":[100],"e":[0]},{"t":167}],"ix":11},"r":{"a":0,"k":0,"ix":10},"p":{"s":true,"x":{"a":0,"k":450,"ix":3},"y":{"a":1,"k":[{"i":{"x":[0.833],"y":[0.833]},"o":{"x":[0.167],"y":[0.167]},"n":["0p833_0p833_0p167_0p167"],"t":47,"s":[376],"e":[649]},{"t":167}],"ix":4}},"a":{"a":0,"k":[0,0,0],"ix":1},"s":{"a":0,"k":[100,100,100],"ix":6}},"ao":0,"shapes":[{"ty":"gr","it":[{"ind":0,"ty":"sh","ix":1,"ks":{"a":0,"k":{"i":[[7.625,2.608],[0,0],[-3.402,-7.258],[0.907,-6.804],[0,0],[2.722,4.309]],"o":[[0,0],[9.072,0.68],[3.402,7.258],[0,0],[-0.314,-6.691],[-2.722,-4.309]],"v":[[133,-257.876],[141.505,-264],[160.216,-252.093],[163.959,-231],[153.072,-231],[148.519,-247.5]],"c":true},"ix":2},"nm":"Path 1","mn":"ADBE Vector Shape - Group","hd":false},{"ty":"fl","c":{"a":0,"k":[1,0.172549024224,0.333333343267,1],"ix":4},"o":{"a":0,"k":100,"ix":5},"r":2,"nm":"Fill 1","mn":"ADBE Vector Graphic - Fill","hd":false},{"ty":"tr","p":{"a":0,"k":[148.623,-247.5],"ix":2},"a":{"a":0,"k":[148.623,-247.5],"ix":1},"s":{"a":0,"k":[100,100],"ix":3},"r":{"a":0,"k":0,"ix":6},"o":{"a":0,"k":100,"ix":7},"sk":{"a":0,"k":0,"ix":4},"sa":{"a":0,"k":0,"ix":5},"nm":"Transform"}],"nm":"Group 1","np":3,"cix":2,"ix":1,"mn":"ADBE Vector Group","hd":false}],"ip":47,"op":120,"st":47,"bm":0},{"ddd":0,"ind":9,"ty":4,"nm":"Rectangle 3","sr":1,"ks":{"o":{"a":1,"k":[{"i":{"x":[0.833],"y":[0.833]},"o":{"x":[0.167],"y":[0.167]},"n":["0p833_0p833_0p167_0p167"],"t":-54,"s":[0],"e":[100]},{"i":{"x":[0.833],"y":[0.833]},"o":{"x":[0.167],"y":[0.167]},"n":["0p833_0p833_0p167_0p167"],"t":-39,"s":[100],"e":[100]},{"i":{"x":[0.833],"y":[0.833]},"o":{"x":[0.167],"y":[0.167]},"n":["0p833_0p833_0p167_0p167"],"t":51,"s":[100],"e":[0]},{"t":66}],"ix":11},"r":{"a":0,"k":0,"ix":10},"p":{"s":true,"x":{"a":0,"k":450,"ix":3},"y":{"a":1,"k":[{"i":{"x":[0.833],"y":[0.833]},"o":{"x":[0.167],"y":[0.167]},"n":["0p833_0p833_0p167_0p167"],"t":-54,"s":[307],"e":[629]},{"t":66}],"ix":4}},"a":{"a":0,"k":[0,0,0],"ix":1},"s":{"a":0,"k":[100,100,100],"ix":6}},"ao":0,"shapes":[{"ty":"gr","it":[{"ind":0,"ty":"sh","ix":1,"ks":{"a":0,"k":{"i":[[7.625,2.608],[0,0],[-3.402,-7.258],[0.907,-6.804],[0,0],[2.722,4.309]],"o":[[0,0],[9.072,0.68],[3.402,7.258],[0,0],[-0.314,-6.691],[-2.722,-4.309]],"v":[[-210.106,-186.095],[-201.6,-192.219],[-182.889,-180.312],[-179.147,-159.219],[-190.033,-159.219],[-194.586,-175.719]],"c":true},"ix":2},"nm":"Path 1","mn":"ADBE Vector Shape - Group","hd":false},{"ty":"fl","c":{"a":0,"k":[1,0.172549024224,0.333333343267,1],"ix":4},"o":{"a":0,"k":100,"ix":5},"r":2,"nm":"Fill 1","mn":"ADBE Vector Graphic - Fill","hd":false},{"ty":"tr","p":{"a":0,"k":[-194.483,-175.719],"ix":2},"a":{"a":0,"k":[-194.483,-175.719],"ix":1},"s":{"a":0,"k":[100,100],"ix":3},"r":{"a":1,"k":[{"i":{"x":[0.833],"y":[0.833]},"o":{"x":[0.167],"y":[0.167]},"n":["0p833_0p833_0p167_0p167"],"t":-54,"s":[161],"e":[219]},{"t":66}],"ix":6},"o":{"a":0,"k":100,"ix":7},"sk":{"a":0,"k":0,"ix":4},"sa":{"a":0,"k":0,"ix":5},"nm":"Transform"}],"nm":"Group 1","np":3,"cix":2,"ix":1,"mn":"ADBE Vector Group","hd":false}],"ip":0,"op":66,"st":-54,"bm":0},{"ddd":0,"ind":10,"ty":4,"nm":"Rectangle 2","sr":1,"ks":{"o":{"a":1,"k":[{"i":{"x":[0.833],"y":[0.833]},"o":{"x":[0.167],"y":[0.167]},"n":["0p833_0p833_0p167_0p167"],"t":66,"s":[0],"e":[100]},{"i":{"x":[0.833],"y":[0.833]},"o":{"x":[0.167],"y":[0.167]},"n":["0p833_0p833_0p167_0p167"],"t":81,"s":[100],"e":[100]},{"i":{"x":[0.833],"y":[0.833]},"o":{"x":[0.167],"y":[0.167]},"n":["0p833_0p833_0p167_0p167"],"t":171,"s":[100],"e":[0]},{"t":186}],"ix":11},"r":{"a":0,"k":0,"ix":10},"p":{"s":true,"x":{"a":0,"k":450,"ix":3},"y":{"a":1,"k":[{"i":{"x":[0.833],"y":[0.833]},"o":{"x":[0.167],"y":[0.167]},"n":["0p833_0p833_0p167_0p167"],"t":66,"s":[307],"e":[629]},{"t":186}],"ix":4}},"a":{"a":0,"k":[0,0,0],"ix":1},"s":{"a":0,"k":[100,100,100],"ix":6}},"ao":0,"shapes":[{"ty":"gr","it":[{"ind":0,"ty":"sh","ix":1,"ks":{"a":0,"k":{"i":[[7.625,2.608],[0,0],[-3.402,-7.258],[0.907,-6.804],[0,0],[2.722,4.309]],"o":[[0,0],[9.072,0.68],[3.402,7.258],[0,0],[-0.314,-6.691],[-2.722,-4.309]],"v":[[-210.106,-186.095],[-201.6,-192.219],[-182.889,-180.312],[-179.147,-159.219],[-190.033,-159.219],[-194.586,-175.719]],"c":true},"ix":2},"nm":"Path 1","mn":"ADBE Vector Shape - Group","hd":false},{"ty":"fl","c":{"a":0,"k":[1,0.172549024224,0.333333343267,1],"ix":4},"o":{"a":0,"k":100,"ix":5},"r":2,"nm":"Fill 1","mn":"ADBE Vector Graphic - Fill","hd":false},{"ty":"tr","p":{"a":0,"k":[-194.483,-175.719],"ix":2},"a":{"a":0,"k":[-194.483,-175.719],"ix":1},"s":{"a":0,"k":[100,100],"ix":3},"r":{"a":1,"k":[{"i":{"x":[0.833],"y":[0.833]},"o":{"x":[0.167],"y":[0.167]},"n":["0p833_0p833_0p167_0p167"],"t":66,"s":[161],"e":[219]},{"t":186}],"ix":6},"o":{"a":0,"k":100,"ix":7},"sk":{"a":0,"k":0,"ix":4},"sa":{"a":0,"k":0,"ix":5},"nm":"Transform"}],"nm":"Group 1","np":3,"cix":2,"ix":1,"mn":"ADBE Vector Group","hd":false}],"ip":66,"op":120,"st":66,"bm":0},{"ddd":0,"ind":11,"ty":4,"nm":"Triangle 2","sr":1,"ks":{"o":{"a":1,"k":[{"i":{"x":[0.833],"y":[0.833]},"o":{"x":[0.167],"y":[0.167]},"n":["0p833_0p833_0p167_0p167"],"t":-39,"s":[0],"e":[100]},{"i":{"x":[0.833],"y":[0.833]},"o":{"x":[0.167],"y":[0.167]},"n":["0p833_0p833_0p167_0p167"],"t":-24,"s":[100],"e":[100]},{"i":{"x":[0.833],"y":[0.833]},"o":{"x":[0.167],"y":[0.167]},"n":["0p833_0p833_0p167_0p167"],"t":66,"s":[100],"e":[0]},{"t":81}],"ix":11},"r":{"a":0,"k":0,"ix":10},"p":{"s":true,"x":{"a":0,"k":456,"ix":3},"y":{"a":1,"k":[{"i":{"x":[0.833],"y":[0.833]},"o":{"x":[0.167],"y":[0.167]},"n":["0p833_0p833_0p167_0p167"],"t":-39,"s":[254],"e":[527]},{"t":81}],"ix":4}},"a":{"a":0,"k":[0,0,0],"ix":1},"s":{"a":0,"k":[100,100,100],"ix":6}},"ao":0,"shapes":[{"ty":"gr","it":[{"ind":0,"ty":"sh","ix":1,"ks":{"a":0,"k":{"i":[[0,0],[0,0],[0,0]],"o":[[0,0],[0,0],[0,0]],"v":[[233,-122],[233,-101],[209,-101]],"c":true},"ix":2},"nm":"Path 1","mn":"ADBE Vector Shape - Group","hd":false},{"ty":"fl","c":{"a":0,"k":[1,0.701960802078,0.282352954149,1],"ix":4},"o":{"a":0,"k":100,"ix":5},"r":2,"nm":"Fill 1","mn":"ADBE Vector Graphic - Fill","hd":false},{"ty":"tr","p":{"a":0,"k":[221,-111.5],"ix":2},"a":{"a":0,"k":[221,-111.5],"ix":1},"s":{"a":0,"k":[100,100],"ix":3},"r":{"a":0,"k":0,"ix":6},"o":{"a":0,"k":100,"ix":7},"sk":{"a":0,"k":0,"ix":4},"sa":{"a":0,"k":0,"ix":5},"nm":"Transform"}],"nm":"Group 1","np":3,"cix":2,"ix":1,"mn":"ADBE Vector Group","hd":false}],"ip":0,"op":81,"st":-39,"bm":0},{"ddd":0,"ind":12,"ty":4,"nm":"Triangle","sr":1,"ks":{"o":{"a":1,"k":[{"i":{"x":[0.833],"y":[0.833]},"o":{"x":[0.167],"y":[0.167]},"n":["0p833_0p833_0p167_0p167"],"t":81,"s":[0],"e":[100]},{"i":{"x":[0.833],"y":[0.833]},"o":{"x":[0.167],"y":[0.167]},"n":["0p833_0p833_0p167_0p167"],"t":96,"s":[100],"e":[100]},{"i":{"x":[0.833],"y":[0.833]},"o":{"x":[0.167],"y":[0.167]},"n":["0p833_0p833_0p167_0p167"],"t":186,"s":[100],"e":[0]},{"t":201}],"ix":11},"r":{"a":0,"k":0,"ix":10},"p":{"s":true,"x":{"a":0,"k":456,"ix":3},"y":{"a":1,"k":[{"i":{"x":[0.833],"y":[0.833]},"o":{"x":[0.167],"y":[0.167]},"n":["0p833_0p833_0p167_0p167"],"t":81,"s":[254],"e":[527]},{"t":201}],"ix":4}},"a":{"a":0,"k":[0,0,0],"ix":1},"s":{"a":0,"k":[100,100,100],"ix":6}},"ao":0,"shapes":[{"ty":"gr","it":[{"ind":0,"ty":"sh","ix":1,"ks":{"a":0,"k":{"i":[[0,0],[0,0],[0,0]],"o":[[0,0],[0,0],[0,0]],"v":[[233,-122],[233,-101],[209,-101]],"c":true},"ix":2},"nm":"Path 1","mn":"ADBE Vector Shape - Group","hd":false},{"ty":"fl","c":{"a":0,"k":[1,0.701960802078,0.282352954149,1],"ix":4},"o":{"a":0,"k":100,"ix":5},"r":2,"nm":"Fill 1","mn":"ADBE Vector Graphic - Fill","hd":false},{"ty":"tr","p":{"a":0,"k":[221,-111.5],"ix":2},"a":{"a":0,"k":[221,-111.5],"ix":1},"s":{"a":0,"k":[100,100],"ix":3},"r":{"a":0,"k":0,"ix":6},"o":{"a":0,"k":100,"ix":7},"sk":{"a":0,"k":0,"ix":4},"sa":{"a":0,"k":0,"ix":5},"nm":"Transform"}],"nm":"Group 1","np":3,"cix":2,"ix":1,"mn":"ADBE Vector Group","hd":false}],"ip":81,"op":120,"st":81,"bm":0},{"ddd":0,"ind":13,"ty":4,"nm":"Path 3","sr":1,"ks":{"o":{"a":1,"k":[{"i":{"x":[0.833],"y":[0.833]},"o":{"x":[0.167],"y":[0.167]},"n":["0p833_0p833_0p167_0p167"],"t":-22,"s":[0],"e":[100]},{"i":{"x":[0.833],"y":[0.833]},"o":{"x":[0.167],"y":[0.167]},"n":["0p833_0p833_0p167_0p167"],"t":-7,"s":[100],"e":[100]},{"i":{"x":[0.833],"y":[0.833]},"o":{"x":[0.167],"y":[0.167]},"n":["0p833_0p833_0p167_0p167"],"t":83,"s":[100],"e":[0]},{"t":98}],"ix":11},"r":{"a":0,"k":0,"ix":10},"p":{"s":true,"x":{"a":0,"k":448,"ix":3},"y":{"a":1,"k":[{"i":{"x":[0.833],"y":[0.833]},"o":{"x":[0.167],"y":[0.167]},"n":["0p833_0p833_0p167_0p167"],"t":-22,"s":[240],"e":[513]},{"t":98}],"ix":4}},"a":{"a":0,"k":[0,0,0],"ix":1},"s":{"a":0,"k":[100,100,100],"ix":6}},"ao":0,"shapes":[{"ty":"gr","it":[{"ind":0,"ty":"sh","ix":1,"ks":{"a":0,"k":{"i":[[0,0],[0,0]],"o":[[0,0],[0,0]],"v":[[-171,-76.823],[-125.823,-122]],"c":false},"ix":2},"nm":"Path 1","mn":"ADBE Vector Shape - Group","hd":false},{"ty":"st","c":{"a":0,"k":[0.262745112181,0.686274528503,0.976470589638,1],"ix":3},"o":{"a":0,"k":100,"ix":4},"w":{"a":0,"k":5,"ix":5},"lc":2,"lj":2,"nm":"Stroke 1","mn":"ADBE Vector Graphic - Stroke","hd":false},{"ty":"tr","p":{"a":0,"k":[-148.411,-99.411],"ix":2},"a":{"a":0,"k":[-148.411,-99.411],"ix":1},"s":{"a":0,"k":[100,100],"ix":3},"r":{"a":1,"k":[{"i":{"x":[0.833],"y":[0.833]},"o":{"x":[0.167],"y":[0.167]},"n":["0p833_0p833_0p167_0p167"],"t":-22,"s":[0],"e":[65]},{"t":99}],"ix":6},"o":{"a":0,"k":100,"ix":7},"sk":{"a":0,"k":0,"ix":4},"sa":{"a":0,"k":0,"ix":5},"nm":"Transform"}],"nm":"Group 1","np":3,"cix":2,"ix":1,"mn":"ADBE Vector Group","hd":false}],"ip":0,"op":98,"st":-22,"bm":0},{"ddd":0,"ind":14,"ty":4,"nm":"Path 2","sr":1,"ks":{"o":{"a":1,"k":[{"i":{"x":[0.833],"y":[0.833]},"o":{"x":[0.167],"y":[0.167]},"n":["0p833_0p833_0p167_0p167"],"t":98,"s":[0],"e":[100]},{"i":{"x":[0.833],"y":[0.833]},"o":{"x":[0.167],"y":[0.167]},"n":["0p833_0p833_0p167_0p167"],"t":113,"s":[100],"e":[100]},{"i":{"x":[0.833],"y":[0.833]},"o":{"x":[0.167],"y":[0.167]},"n":["0p833_0p833_0p167_0p167"],"t":203,"s":[100],"e":[0]},{"t":218}],"ix":11},"r":{"a":0,"k":0,"ix":10},"p":{"s":true,"x":{"a":0,"k":448,"ix":3},"y":{"a":1,"k":[{"i":{"x":[0.833],"y":[0.833]},"o":{"x":[0.167],"y":[0.167]},"n":["0p833_0p833_0p167_0p167"],"t":98,"s":[240],"e":[513]},{"t":218}],"ix":4}},"a":{"a":0,"k":[0,0,0],"ix":1},"s":{"a":0,"k":[100,100,100],"ix":6}},"ao":0,"shapes":[{"ty":"gr","it":[{"ind":0,"ty":"sh","ix":1,"ks":{"a":0,"k":{"i":[[0,0],[0,0]],"o":[[0,0],[0,0]],"v":[[-171,-76.823],[-125.823,-122]],"c":false},"ix":2},"nm":"Path 1","mn":"ADBE Vector Shape - Group","hd":false},{"ty":"st","c":{"a":0,"k":[0.262745112181,0.686274528503,0.976470589638,1],"ix":3},"o":{"a":0,"k":100,"ix":4},"w":{"a":0,"k":5,"ix":5},"lc":2,"lj":2,"nm":"Stroke 1","mn":"ADBE Vector Graphic - Stroke","hd":false},{"ty":"tr","p":{"a":0,"k":[-148.411,-99.411],"ix":2},"a":{"a":0,"k":[-148.411,-99.411],"ix":1},"s":{"a":0,"k":[100,100],"ix":3},"r":{"a":1,"k":[{"i":{"x":[0.833],"y":[0.833]},"o":{"x":[0.167],"y":[0.167]},"n":["0p833_0p833_0p167_0p167"],"t":98,"s":[0],"e":[65]},{"t":219}],"ix":6},"o":{"a":0,"k":100,"ix":7},"sk":{"a":0,"k":0,"ix":4},"sa":{"a":0,"k":0,"ix":5},"nm":"Transform"}],"nm":"Group 1","np":3,"cix":2,"ix":1,"mn":"ADBE Vector Group","hd":false}],"ip":98,"op":120,"st":98,"bm":0},{"ddd":0,"ind":15,"ty":4,"nm":"Rectangle 2 Copy 3","sr":1,"ks":{"o":{"a":1,"k":[{"i":{"x":[0.833],"y":[0.833]},"o":{"x":[0.167],"y":[0.167]},"n":["0p833_0p833_0p167_0p167"],"t":-8,"s":[0],"e":[100]},{"i":{"x":[0.833],"y":[0.833]},"o":{"x":[0.167],"y":[0.167]},"n":["0p833_0p833_0p167_0p167"],"t":7,"s":[100],"e":[100]},{"i":{"x":[0.833],"y":[0.833]},"o":{"x":[0.167],"y":[0.167]},"n":["0p833_0p833_0p167_0p167"],"t":97,"s":[100],"e":[0]},{"t":112}],"ix":11},"r":{"a":0,"k":0,"ix":10},"p":{"s":true,"x":{"a":0,"k":456,"ix":3},"y":{"a":1,"k":[{"i":{"x":[0.833],"y":[0.833]},"o":{"x":[0.167],"y":[0.167]},"n":["0p833_0p833_0p167_0p167"],"t":-8,"s":[182],"e":[455]},{"t":112}],"ix":4}},"a":{"a":0,"k":[0,0,0],"ix":1},"s":{"a":0,"k":[100,100,100],"ix":6}},"ao":0,"shapes":[{"ty":"gr","it":[{"ind":0,"ty":"sh","ix":1,"ks":{"a":0,"k":{"i":[[10.297,1.969],[0,0],[-6.325,-6.957],[-13.076,-9.381],[-11.567,0.476],[0,0],[6.2,4.971],[5.27,10.87]],"o":[[0,0],[12.999,2.704],[6.588,7.246],[5.56,3.989],[0,0],[-19.272,3.215],[-15.128,-12.131],[-2.878,-5.937]],"v":[[140,-70.801],[140,-82],[168.986,-67.507],[187.431,-35.886],[213.123,-30.616],[217.075,-21.394],[178.867,-24.029],[159.763,-58.943]],"c":true},"ix":2},"nm":"Path 1","mn":"ADBE Vector Shape - Group","hd":false},{"ty":"fl","c":{"a":0,"k":[1,0.172549024224,0.333333343267,1],"ix":4},"o":{"a":0,"k":100,"ix":5},"r":2,"nm":"Fill 1","mn":"ADBE Vector Graphic - Fill","hd":false},{"ty":"tr","p":{"a":0,"k":[178.538,-50.75],"ix":2},"a":{"a":0,"k":[178.538,-50.75],"ix":1},"s":{"a":0,"k":[100,100],"ix":3},"r":{"a":1,"k":[{"i":{"x":[0.833],"y":[0.833]},"o":{"x":[0.167],"y":[0.167]},"n":["0p833_0p833_0p167_0p167"],"t":-8,"s":[0],"e":[65]},{"t":112}],"ix":6},"o":{"a":0,"k":100,"ix":7},"sk":{"a":0,"k":0,"ix":4},"sa":{"a":0,"k":0,"ix":5},"nm":"Transform"}],"nm":"Group 1","np":3,"cix":2,"ix":1,"mn":"ADBE Vector Group","hd":false}],"ip":0,"op":112,"st":-8,"bm":0},{"ddd":0,"ind":16,"ty":4,"nm":"Rectangle 2 Copy","sr":1,"ks":{"o":{"a":1,"k":[{"i":{"x":[0.833],"y":[0.833]},"o":{"x":[0.167],"y":[0.167]},"n":["0p833_0p833_0p167_0p167"],"t":112,"s":[0],"e":[100]},{"i":{"x":[0.833],"y":[0.833]},"o":{"x":[0.167],"y":[0.167]},"n":["0p833_0p833_0p167_0p167"],"t":127,"s":[100],"e":[100]},{"i":{"x":[0.833],"y":[0.833]},"o":{"x":[0.167],"y":[0.167]},"n":["0p833_0p833_0p167_0p167"],"t":217,"s":[100],"e":[0]},{"t":232}],"ix":11},"r":{"a":0,"k":0,"ix":10},"p":{"s":true,"x":{"a":0,"k":456,"ix":3},"y":{"a":1,"k":[{"i":{"x":[0.833],"y":[0.833]},"o":{"x":[0.167],"y":[0.167]},"n":["0p833_0p833_0p167_0p167"],"t":112,"s":[182],"e":[455]},{"t":232}],"ix":4}},"a":{"a":0,"k":[0,0,0],"ix":1},"s":{"a":0,"k":[100,100,100],"ix":6}},"ao":0,"shapes":[{"ty":"gr","it":[{"ind":0,"ty":"sh","ix":1,"ks":{"a":0,"k":{"i":[[10.297,1.969],[0,0],[-6.325,-6.957],[-13.076,-9.381],[-11.567,0.476],[0,0],[6.2,4.971],[5.27,10.87]],"o":[[0,0],[12.999,2.704],[6.588,7.246],[5.56,3.989],[0,0],[-19.272,3.215],[-15.128,-12.131],[-2.878,-5.937]],"v":[[140,-70.801],[140,-82],[168.986,-67.507],[187.431,-35.886],[213.123,-30.616],[217.075,-21.394],[178.867,-24.029],[159.763,-58.943]],"c":true},"ix":2},"nm":"Path 1","mn":"ADBE Vector Shape - Group","hd":false},{"ty":"fl","c":{"a":0,"k":[1,0.172549024224,0.333333343267,1],"ix":4},"o":{"a":0,"k":100,"ix":5},"r":2,"nm":"Fill 1","mn":"ADBE Vector Graphic - Fill","hd":false},{"ty":"tr","p":{"a":0,"k":[178.538,-50.75],"ix":2},"a":{"a":0,"k":[178.538,-50.75],"ix":1},"s":{"a":0,"k":[100,100],"ix":3},"r":{"a":1,"k":[{"i":{"x":[0.833],"y":[0.833]},"o":{"x":[0.167],"y":[0.167]},"n":["0p833_0p833_0p167_0p167"],"t":112,"s":[0],"e":[65]},{"t":232}],"ix":6},"o":{"a":0,"k":100,"ix":7},"sk":{"a":0,"k":0,"ix":4},"sa":{"a":0,"k":0,"ix":5},"nm":"Transform"}],"nm":"Group 1","np":3,"cix":2,"ix":1,"mn":"ADBE Vector Group","hd":false}],"ip":112,"op":120,"st":112,"bm":0},{"ddd":0,"ind":17,"ty":4,"nm":"Rectangle 2 Copy 2","sr":1,"ks":{"o":{"a":1,"k":[{"i":{"x":[0.833],"y":[0.833]},"o":{"x":[0.167],"y":[0.167]},"n":["0p833_0p833_0p167_0p167"],"t":-4,"s":[0],"e":[100]},{"i":{"x":[0.833],"y":[0.833]},"o":{"x":[0.167],"y":[0.167]},"n":["0p833_0p833_0p167_0p167"],"t":11,"s":[100],"e":[100]},{"i":{"x":[0.833],"y":[0.833]},"o":{"x":[0.167],"y":[0.167]},"n":["0p833_0p833_0p167_0p167"],"t":101,"s":[100],"e":[0]},{"t":116}],"ix":11},"r":{"a":0,"k":0,"ix":10},"p":{"s":true,"x":{"a":0,"k":386,"ix":3},"y":{"a":1,"k":[{"i":{"x":[0.833],"y":[0.833]},"o":{"x":[0.167],"y":[0.167]},"n":["0p833_0p833_0p167_0p167"],"t":-4,"s":[206],"e":[479]},{"t":116}],"ix":4}},"a":{"a":0,"k":[0,0,0],"ix":1},"s":{"a":0,"k":[100,100,100],"ix":6}},"ao":0,"shapes":[{"ty":"gr","it":[{"ind":0,"ty":"sh","ix":1,"ks":{"a":0,"k":{"i":[[6.083,1.163],[0,0],[-3.737,-4.11],[-7.725,-5.542],[-6.834,0.281],[0,0],[3.663,2.937],[3.113,6.422]],"o":[[0,0],[7.679,1.598],[3.892,4.281],[3.285,2.357],[0,0],[-11.386,1.899],[-8.937,-7.167],[-1.7,-3.507]],"v":[[-181.456,-81.675],[-181.456,-88.292],[-164.331,-79.73],[-153.434,-61.049],[-138.256,-57.935],[-135.921,-52.486],[-158.494,-54.043],[-169.78,-74.67]],"c":true},"ix":2},"nm":"Path 1","mn":"ADBE Vector Shape - Group","hd":false},{"ty":"fl","c":{"a":0,"k":[0.262718170881,0.685440599918,0.976509332657,1],"ix":4},"o":{"a":0,"k":100,"ix":5},"r":2,"nm":"Fill 1","mn":"ADBE Vector Graphic - Fill","hd":false},{"ty":"tr","p":{"a":0,"k":[-158.688,-69.83],"ix":2},"a":{"a":0,"k":[-158.688,-69.83],"ix":1},"s":{"a":0,"k":[100,100],"ix":3},"r":{"a":0,"k":73,"ix":6},"o":{"a":0,"k":100,"ix":7},"sk":{"a":0,"k":0,"ix":4},"sa":{"a":0,"k":0,"ix":5},"nm":"Transform"}],"nm":"Group 1","np":3,"cix":2,"ix":1,"mn":"ADBE Vector Group","hd":false}],"ip":0,"op":116,"st":-4,"bm":0},{"ddd":0,"ind":18,"ty":4,"nm":"Rectangle 2 Copy","sr":1,"ks":{"o":{"a":1,"k":[{"i":{"x":[0.833],"y":[0.833]},"o":{"x":[0.167],"y":[0.167]},"n":["0p833_0p833_0p167_0p167"],"t":116,"s":[0],"e":[100]},{"i":{"x":[0.833],"y":[0.833]},"o":{"x":[0.167],"y":[0.167]},"n":["0p833_0p833_0p167_0p167"],"t":131,"s":[100],"e":[100]},{"i":{"x":[0.833],"y":[0.833]},"o":{"x":[0.167],"y":[0.167]},"n":["0p833_0p833_0p167_0p167"],"t":221,"s":[100],"e":[0]},{"t":236}],"ix":11},"r":{"a":0,"k":0,"ix":10},"p":{"s":true,"x":{"a":0,"k":386,"ix":3},"y":{"a":1,"k":[{"i":{"x":[0.833],"y":[0.833]},"o":{"x":[0.167],"y":[0.167]},"n":["0p833_0p833_0p167_0p167"],"t":116,"s":[206],"e":[479]},{"t":236}],"ix":4}},"a":{"a":0,"k":[0,0,0],"ix":1},"s":{"a":0,"k":[100,100,100],"ix":6}},"ao":0,"shapes":[{"ty":"gr","it":[{"ind":0,"ty":"sh","ix":1,"ks":{"a":0,"k":{"i":[[6.083,1.163],[0,0],[-3.737,-4.11],[-7.725,-5.542],[-6.834,0.281],[0,0],[3.663,2.937],[3.113,6.422]],"o":[[0,0],[7.679,1.598],[3.892,4.281],[3.285,2.357],[0,0],[-11.386,1.899],[-8.937,-7.167],[-1.7,-3.507]],"v":[[-181.456,-81.675],[-181.456,-88.292],[-164.331,-79.73],[-153.434,-61.049],[-138.256,-57.935],[-135.921,-52.486],[-158.494,-54.043],[-169.78,-74.67]],"c":true},"ix":2},"nm":"Path 1","mn":"ADBE Vector Shape - Group","hd":false},{"ty":"fl","c":{"a":0,"k":[0.262718170881,0.685440599918,0.976509332657,1],"ix":4},"o":{"a":0,"k":100,"ix":5},"r":2,"nm":"Fill 1","mn":"ADBE Vector Graphic - Fill","hd":false},{"ty":"tr","p":{"a":0,"k":[-158.688,-69.83],"ix":2},"a":{"a":0,"k":[-158.688,-69.83],"ix":1},"s":{"a":0,"k":[100,100],"ix":3},"r":{"a":0,"k":73,"ix":6},"o":{"a":0,"k":100,"ix":7},"sk":{"a":0,"k":0,"ix":4},"sa":{"a":0,"k":0,"ix":5},"nm":"Transform"}],"nm":"Group 1","np":3,"cix":2,"ix":1,"mn":"ADBE Vector Group","hd":false}],"ip":116,"op":120,"st":116,"bm":0},{"ddd":0,"ind":19,"ty":4,"nm":"Oval 2","sr":1,"ks":{"o":{"a":1,"k":[{"i":{"x":[0.833],"y":[0.833]},"o":{"x":[0.167],"y":[0.167]},"n":["0p833_0p833_0p167_0p167"],"t":0,"s":[0],"e":[100]},{"i":{"x":[0.833],"y":[0.833]},"o":{"x":[0.167],"y":[0.167]},"n":["0p833_0p833_0p167_0p167"],"t":15,"s":[100],"e":[100]},{"i":{"x":[0.833],"y":[0.833]},"o":{"x":[0.167],"y":[0.167]},"n":["0p833_0p833_0p167_0p167"],"t":105,"s":[100],"e":[0]},{"t":120}],"ix":11},"r":{"a":0,"k":0,"ix":10},"p":{"s":true,"x":{"a":0,"k":498,"ix":3},"y":{"a":1,"k":[{"i":{"x":[0.833],"y":[0.833]},"o":{"x":[0.167],"y":[0.167]},"n":["0p833_0p833_0p167_0p167"],"t":0,"s":[354],"e":[627]},{"t":120}],"ix":4}},"a":{"a":0,"k":[0,0,0],"ix":1},"s":{"a":0,"k":[100,100,100],"ix":6}},"ao":0,"shapes":[{"ty":"gr","it":[{"ind":0,"ty":"sh","ix":1,"ks":{"a":0,"k":{"i":[[-3.866,0],[0,3.866],[3.866,0],[0,-3.866]],"o":[[3.866,0],[0,-3.866],[-3.866,0],[0,3.866]],"v":[[-157,-207],[-150,-214],[-157,-221],[-164,-214]],"c":true},"ix":2},"nm":"Path 1","mn":"ADBE Vector Shape - Group","hd":false},{"ty":"fl","c":{"a":0,"k":[1,0.172549024224,0.333333343267,1],"ix":4},"o":{"a":0,"k":100,"ix":5},"r":2,"nm":"Fill 1","mn":"ADBE Vector Graphic - Fill","hd":false},{"ty":"tr","p":{"a":0,"k":[-157,-214],"ix":2},"a":{"a":0,"k":[-157,-214],"ix":1},"s":{"a":0,"k":[100,100],"ix":3},"r":{"a":0,"k":0,"ix":6},"o":{"a":0,"k":100,"ix":7},"sk":{"a":0,"k":0,"ix":4},"sa":{"a":0,"k":0,"ix":5},"nm":"Transform"}],"nm":"Group 1","np":3,"cix":2,"ix":1,"mn":"ADBE Vector Group","hd":false}],"ip":0,"op":120,"st":0,"bm":0}]}],"layers":[{"ddd":0,"ind":1,"ty":0,"nm":"lottie-源尺寸-3-2-1","refId":"comp_0","sr":1,"ks":{"o":{"a":0,"k":100,"ix":11},"r":{"a":0,"k":0,"ix":10},"p":{"a":0,"k":[88,109.5,0],"ix":2},"a":{"a":0,"k":[450,396,0],"ix":1},"s":{"a":0,"k":[33.333,33.333,100],"ix":6}},"ao":0,"w":900,"h":792,"ip":0,"op":180,"st":0,"bm":0}],"markers":[]}