{"v":"5.4.4","fr":25,"ip":71,"op":425,"w":132,"h":132,"nm":"合成 2","ddd":0,"assets":[{"id":"comp_0","layers":[{"ddd":0,"ind":1,"ty":4,"nm":"Fill 8","sr":1,"ks":{"o":{"a":0,"k":100,"ix":11},"r":{"a":0,"k":0,"ix":10},"p":{"a":0,"k":[66,25.8,0],"ix":2},"a":{"a":0,"k":[0,0,0],"ix":1},"s":{"a":0,"k":[100,100,100],"ix":6}},"ao":0,"shapes":[{"ty":"gr","it":[{"ind":0,"ty":"sh","ix":1,"ks":{"a":0,"k":{"i":[[0,0],[0.59,0.43],[-1.07,1.42],[-16.73,0],[-10.14,-13.33],[1.44,-1.05],[1.08,1.42],[14.84,0],[8.9,-11.78],[1,0]],"o":[[-0.67,0],[-1.44,-1.05],[9.99,-13.23],[16.91,0],[1.08,1.41],[-1.44,1.06],[-8.9,-11.7],[-14.9,0],[-0.64,0.85],[0,0]],"v":[[-40.022,13.117],[-41.962,12.477],[-42.632,8.007],[0.048,-13.113],[42.618,7.867],[41.968,12.337],[37.408,11.697],[0.048,-6.713],[-37.402,11.817],[-40.022,13.117]],"c":false},"ix":2},"nm":"路径 1","mn":"ADBE Vector Shape - Group","hd":false},{"ty":"fl","c":{"a":0,"k":[0.976000010967,0.819999992847,0.305999994278,1],"ix":4},"o":{"a":0,"k":100,"ix":5},"r":1,"bm":0,"nm":"填充 1","mn":"ADBE Vector Graphic - Fill","hd":false},{"ty":"tr","p":{"a":0,"k":[0,0],"ix":2},"a":{"a":0,"k":[0,0],"ix":1},"s":{"a":0,"k":[100,100],"ix":3},"r":{"a":0,"k":0,"ix":6},"o":{"a":0,"k":100,"ix":7},"sk":{"a":0,"k":0,"ix":4},"sa":{"a":0,"k":0,"ix":5},"nm":"变换"}],"nm":"Fill 8","np":2,"cix":2,"bm":0,"ix":1,"mn":"ADBE Vector Group","hd":false}],"ip":0,"op":1500,"st":0,"bm":0},{"ddd":0,"ind":2,"ty":4,"nm":"Fill 6","sr":1,"ks":{"o":{"a":0,"k":100,"ix":11},"r":{"a":0,"k":0,"ix":10},"p":{"a":0,"k":[94.329,81.935,0],"ix":2},"a":{"a":0,"k":[0,0,0],"ix":1},"s":{"a":0,"k":[100,100,100],"ix":6}},"ao":0,"shapes":[{"ty":"gr","it":[{"ind":0,"ty":"sh","ix":1,"ks":{"a":0,"k":{"i":[[0,0],[0.2,1.67],[-1.8,0.2],[0,23.75],[2.56,5.87],[-1.67,0.72],[-0.72,-1.66],[0,-7.35],[27.07,-3.09],[0.13,0]],"o":[[-1.64,0],[-0.21,-1.79],[23.75,-2.72],[0,-6.45],[-0.72,-1.65],[1.66,-0.72],[2.92,6.69],[0,27.07],[-0.12,0.02],[0,0]],"v":[[-22.29,38.024],[-25.55,35.134],[-22.66,31.524],[18.99,-14.906],[15.13,-33.466],[16.85,-37.756],[21.17,-36.056],[25.57,-14.906],[-21.91,38.004],[-22.29,38.024]],"c":false},"ix":2},"nm":"路径 1","mn":"ADBE Vector Shape - Group","hd":false},{"ty":"fl","c":{"a":0,"k":[0,0.662999987602,0.902000010014,1],"ix":4},"o":{"a":0,"k":100,"ix":5},"r":1,"bm":0,"nm":"填充 1","mn":"ADBE Vector Graphic - Fill","hd":false},{"ty":"tr","p":{"a":0,"k":[0,0],"ix":2},"a":{"a":0,"k":[0,0],"ix":1},"s":{"a":0,"k":[100,100],"ix":3},"r":{"a":0,"k":0,"ix":6},"o":{"a":0,"k":100,"ix":7},"sk":{"a":0,"k":0,"ix":4},"sa":{"a":0,"k":0,"ix":5},"nm":"变换"}],"nm":"Fill 6","np":2,"cix":2,"bm":0,"ix":1,"mn":"ADBE Vector Group","hd":false}],"ip":0,"op":1500,"st":0,"bm":0},{"ddd":0,"ind":3,"ty":4,"nm":"Fill 4","sr":1,"ks":{"o":{"a":0,"k":100,"ix":11},"r":{"a":0,"k":0,"ix":10},"p":{"a":0,"k":[37.945,81.935,0],"ix":2},"a":{"a":0,"k":[0,0,0],"ix":1},"s":{"a":0,"k":[100,100,100],"ix":6}},"ao":0,"shapes":[{"ty":"gr","it":[{"ind":0,"ty":"sh","ix":1,"ks":{"a":0,"k":{"i":[[0,0],[0.12,0.02],[0,27.05],[-2.95,6.71],[-1.66,-0.72],[0.72,-1.65],[0,-6.48],[-23.75,-2.7],[0.2,-1.79],[1.65,0]],"o":[[-0.12,0],[-27.07,-3.08],[0,-7.37],[0.72,-1.65],[1.67,0.72],[-2.59,5.88],[0,23.73],[1.8,0.21],[-0.2,1.66],[0,0]],"v":[[22.28,38.024],[21.91,38.004],[-25.57,-14.846],[-21.13,-36.066],[-16.81,-37.756],[-15.1,-33.466],[-19,-14.846],[22.66,31.524],[25.55,35.144],[22.28,38.024]],"c":false},"ix":2},"nm":"路径 1","mn":"ADBE Vector Shape - Group","hd":false},{"ty":"fl","c":{"a":0,"k":[0.866999983788,0,0.105999998748,1],"ix":4},"o":{"a":0,"k":100,"ix":5},"r":1,"bm":0,"nm":"填充 1","mn":"ADBE Vector Graphic - Fill","hd":false},{"ty":"tr","p":{"a":0,"k":[0,0],"ix":2},"a":{"a":0,"k":[0,0],"ix":1},"s":{"a":0,"k":[100,100],"ix":3},"r":{"a":0,"k":0,"ix":6},"o":{"a":0,"k":100,"ix":7},"sk":{"a":0,"k":0,"ix":4},"sa":{"a":0,"k":0,"ix":5},"nm":"变换"}],"nm":"Fill 4","np":2,"cix":2,"bm":0,"ix":1,"mn":"ADBE Vector Group","hd":false}],"ip":0,"op":1500,"st":0,"bm":0}]}],"layers":[{"ddd":0,"ind":1,"ty":4,"nm":"Fill 10","sr":1,"ks":{"o":{"a":1,"k":[{"i":{"x":[0.833],"y":[0.833]},"o":{"x":[0.167],"y":[0.167]},"t":71,"s":[100],"e":[0]},{"i":{"x":[0.833],"y":[0.833]},"o":{"x":[0.167],"y":[0.167]},"t":77,"s":[0],"e":[0]},{"i":{"x":[0.833],"y":[0.833]},"o":{"x":[0.167],"y":[0.167]},"t":284,"s":[0],"e":[100]},{"t":290}],"ix":11},"r":{"a":0,"k":0,"ix":10},"p":{"a":0,"k":[66.013,66.067,0],"ix":2},"a":{"a":0,"k":[0,0,0],"ix":1},"s":{"a":1,"k":[{"i":{"x":[0.667,0.667,0.667],"y":[1,1,1]},"o":{"x":[0.333,0.333,0.333],"y":[0,0,0]},"t":71,"s":[100,100,100],"e":[0,0,100]},{"i":{"x":[0.667,0.667,0.667],"y":[1,1,1]},"o":{"x":[0.167,0.167,0.167],"y":[0,0,0]},"t":77,"s":[0,0,100],"e":[0,0,100]},{"i":{"x":[0.667,0.667,0.667],"y":[1,1,1]},"o":{"x":[0.333,0.333,0.333],"y":[0,0,0]},"t":284,"s":[0,0,100],"e":[105,105,100]},{"i":{"x":[0.833,0.833,0.833],"y":[1,1,1]},"o":{"x":[0.333,0.333,0.333],"y":[0,0,0]},"t":290,"s":[105,105,100],"e":[100,100,100]},{"t":296}],"ix":6}},"ao":0,"shapes":[{"ty":"gr","it":[{"ind":0,"ty":"sh","ix":1,"ks":{"a":0,"k":{"i":[[0,0],[0,1.49],[0,0],[0,0],[0.85,0.49],[0,0],[0,0],[1.52,0],[0,1.49],[0,0],[-0.83,0.49],[-0.85,-0.46],[0,0],[0,0],[-0.84,-0.48],[0,-0.95],[0,0],[1.51,0]],"o":[[-1.52,0],[0,0],[0,0],[-0.83,0.52],[0,0],[0,0],[0,1.49],[-1.51,0],[0,0],[0,-0.95],[0.84,-0.48],[0,0],[0,0],[0.85,-0.47],[0.83,0.49],[0,0],[0,1.49],[0,0]],"v":[[21.46,17.05],[18.71,14.35],[18.71,-9.74],[1.47,-0.27],[-1.39,-0.22],[-18.71,-9.74],[-18.71,14.35],[-21.46,17.05],[-24.2,14.35],[-24.2,-14.35],[-22.85,-16.68],[-20.12,-16.71],[0,-5.65],[20.12,-16.71],[22.85,-16.68],[24.2,-14.35],[24.2,14.35],[21.46,17.05]],"c":false},"ix":2},"nm":"路径 1","mn":"ADBE Vector Shape - Group","hd":false},{"ty":"fl","c":{"a":0,"k":[0.349000006914,0.340999990702,0.340999990702,1],"ix":4},"o":{"a":0,"k":100,"ix":5},"r":1,"bm":0,"nm":"填充 1","mn":"ADBE Vector Graphic - Fill","hd":false},{"ty":"tr","p":{"a":0,"k":[0,0],"ix":2},"a":{"a":0,"k":[0,0],"ix":1},"s":{"a":0,"k":[100,100],"ix":3},"r":{"a":0,"k":-360,"ix":6},"o":{"a":0,"k":100,"ix":7},"sk":{"a":0,"k":0,"ix":4},"sa":{"a":0,"k":0,"ix":5},"nm":"变换"}],"nm":"Fill 10","np":2,"cix":2,"bm":0,"ix":1,"mn":"ADBE Vector Group","hd":false}],"ip":0,"op":1500,"st":0,"bm":0},{"ddd":0,"ind":2,"ty":0,"nm":"圈圈","refId":"comp_0","sr":1,"ks":{"o":{"a":0,"k":100,"ix":11},"r":{"a":1,"k":[{"i":{"x":[0.482],"y":[1]},"o":{"x":[0.562],"y":[0]},"t":347,"s":[360],"e":[720]},{"t":381}],"ix":10},"p":{"a":0,"k":[66.062,66.008,0],"ix":2},"a":{"a":0,"k":[66.062,66.508,0],"ix":1},"s":{"a":0,"k":[100,100,100],"ix":6}},"ao":0,"w":132,"h":132,"ip":347,"op":425,"st":276,"bm":0},{"ddd":0,"ind":3,"ty":0,"nm":"圈圈","refId":"comp_0","sr":1,"ks":{"o":{"a":0,"k":100,"ix":11},"r":{"a":1,"k":[{"i":{"x":[0.482],"y":[1]},"o":{"x":[0.562],"y":[0]},"t":277,"s":[240],"e":[360]},{"t":290}],"ix":10},"p":{"a":0,"k":[66.062,66.008,0],"ix":2},"a":{"a":0,"k":[66.062,66.508,0],"ix":1},"s":{"a":0,"k":[100,100,100],"ix":6}},"ao":0,"w":132,"h":132,"ip":277,"op":347,"st":206,"bm":0},{"ddd":0,"ind":4,"ty":0,"nm":"圈圈","refId":"comp_0","sr":1,"ks":{"o":{"a":0,"k":100,"ix":11},"r":{"a":1,"k":[{"i":{"x":[0.482],"y":[1]},"o":{"x":[0.562],"y":[0]},"t":208,"s":[120],"e":[240]},{"t":220}],"ix":10},"p":{"a":0,"k":[66.062,66,0],"ix":2},"a":{"a":0,"k":[66.125,66.5,0],"ix":1},"s":{"a":0,"k":[100,100,100],"ix":6}},"ao":0,"w":132,"h":132,"ip":208,"op":277,"st":136,"bm":0},{"ddd":0,"ind":5,"ty":0,"nm":"圈圈","refId":"comp_0","sr":1,"ks":{"o":{"a":0,"k":100,"ix":11},"r":{"a":1,"k":[{"i":{"x":[0.482],"y":[1]},"o":{"x":[0.562],"y":[0]},"t":138,"s":[0],"e":[120]},{"t":151}],"ix":10},"p":{"a":0,"k":[66.125,66,0],"ix":2},"a":{"a":0,"k":[66.125,66.5,0],"ix":1},"s":{"a":0,"k":[100,100,100],"ix":6}},"ao":0,"w":132,"h":132,"ip":138,"op":208,"st":67,"bm":0},{"ddd":0,"ind":6,"ty":0,"nm":"圈圈","refId":"comp_0","sr":1,"ks":{"o":{"a":0,"k":100,"ix":11},"r":{"a":1,"k":[{"i":{"x":[0.482],"y":[1]},"o":{"x":[0.562],"y":[0]},"t":71,"s":[0],"e":[360]},{"t":105}],"ix":10},"p":{"a":0,"k":[66.125,66,0],"ix":2},"a":{"a":0,"k":[66.125,66.5,0],"ix":1},"s":{"a":0,"k":[100,100,100],"ix":6}},"ao":0,"w":132,"h":132,"ip":71,"op":138,"st":0,"bm":0}],"markers":[]}