{"v":"5.1.10","fr":30,"ip":0,"op":75,"w":600,"h":600,"nm":"小礼物-export 2","ddd":0,"assets":[{"id":"image_0","w":160,"h":160,"u":"images/","p":"img_0.png"},{"id":"image_1","w":500,"h":500,"u":"images/","p":"img_1.png"},{"id":"image_2","w":500,"h":500,"u":"images/","p":"img_2.png"}],"layers":[{"ddd":0,"ind":1,"ty":2,"nm":"xx.png","cl":"png","refId":"image_0","sr":1,"ks":{"o":{"a":1,"k":[{"i":{"x":[0.833],"y":[0.833]},"o":{"x":[0.167],"y":[0.167]},"n":["0p833_0p833_0p167_0p167"],"t":61,"s":[100],"e":[0]},{"t":65}],"ix":11},"r":{"a":0,"k":0,"ix":10},"p":{"a":0,"k":[218,116,0],"ix":2},"a":{"a":0,"k":[80,80,0],"ix":1},"s":{"a":1,"k":[{"i":{"x":[0.833,0.833,0.833],"y":[0.833,0.833,0.833]},"o":{"x":[0.167,0.167,0.167],"y":[0.167,0.167,0.167]},"n":["0p833_0p833_0p167_0p167","0p833_0p833_0p167_0p167","0p833_0p833_0p167_0p167"],"t":55,"s":[0,0,100],"e":[100,100,100]},{"t":61}],"ix":6}},"ao":0,"ip":55,"op":66,"st":55,"bm":0},{"ddd":0,"ind":2,"ty":2,"nm":"xx.png","cl":"png","refId":"image_0","sr":1,"ks":{"o":{"a":1,"k":[{"i":{"x":[0.833],"y":[0.833]},"o":{"x":[0.167],"y":[0.167]},"n":["0p833_0p833_0p167_0p167"],"t":54,"s":[100],"e":[0]},{"t":58}],"ix":11},"r":{"a":0,"k":13,"ix":10},"p":{"a":0,"k":[148,478,0],"ix":2},"a":{"a":0,"k":[80,80,0],"ix":1},"s":{"a":1,"k":[{"i":{"x":[0.833,0.833,0.833],"y":[0.833,0.833,0.833]},"o":{"x":[0.167,0.167,0.167],"y":[0.167,0.167,0.167]},"n":["0p833_0p833_0p167_0p167","0p833_0p833_0p167_0p167","0p833_0p833_0p167_0p167"],"t":48,"s":[0,0,100],"e":[52,52,100]},{"t":54}],"ix":6}},"ao":0,"ip":48,"op":59,"st":48,"bm":0},{"ddd":0,"ind":3,"ty":2,"nm":"xx.png","cl":"png","refId":"image_0","sr":1,"ks":{"o":{"a":1,"k":[{"i":{"x":[0.833],"y":[0.833]},"o":{"x":[0.167],"y":[0.167]},"n":["0p833_0p833_0p167_0p167"],"t":69,"s":[100],"e":[0]},{"t":73}],"ix":11},"r":{"a":0,"k":13,"ix":10},"p":{"a":0,"k":[508,500,0],"ix":2},"a":{"a":0,"k":[80,80,0],"ix":1},"s":{"a":1,"k":[{"i":{"x":[0.833,0.833,0.833],"y":[0.833,0.833,0.833]},"o":{"x":[0.167,0.167,0.167],"y":[0.167,0.167,0.167]},"n":["0p833_0p833_0p167_0p167","0p833_0p833_0p167_0p167","0p833_0p833_0p167_0p167"],"t":63,"s":[0,0,100],"e":[52,52,100]},{"t":69}],"ix":6}},"ao":0,"ip":63,"op":74,"st":63,"bm":0},{"ddd":0,"ind":4,"ty":2,"nm":"xx.png","cl":"png","refId":"image_0","sr":1,"ks":{"o":{"a":1,"k":[{"i":{"x":[0.833],"y":[0.833]},"o":{"x":[0.167],"y":[0.167]},"n":["0p833_0p833_0p167_0p167"],"t":59,"s":[100],"e":[0]},{"t":63}],"ix":11},"r":{"a":0,"k":13,"ix":10},"p":{"a":0,"k":[466,144,0],"ix":2},"a":{"a":0,"k":[80,80,0],"ix":1},"s":{"a":1,"k":[{"i":{"x":[0.833,0.833,0.833],"y":[0.833,0.833,0.833]},"o":{"x":[0.167,0.167,0.167],"y":[0.167,0.167,0.167]},"n":["0p833_0p833_0p167_0p167","0p833_0p833_0p167_0p167","0p833_0p833_0p167_0p167"],"t":53,"s":[0,0,100],"e":[52,52,100]},{"t":59}],"ix":6}},"ao":0,"ip":53,"op":64,"st":53,"bm":0},{"ddd":0,"ind":5,"ty":2,"nm":"xx.png","cl":"png","refId":"image_0","sr":1,"ks":{"o":{"a":1,"k":[{"i":{"x":[0.833],"y":[0.833]},"o":{"x":[0.167],"y":[0.167]},"n":["0p833_0p833_0p167_0p167"],"t":67,"s":[100],"e":[0]},{"t":71}],"ix":11},"r":{"a":0,"k":0,"ix":10},"p":{"a":0,"k":[268,332,0],"ix":2},"a":{"a":0,"k":[80,80,0],"ix":1},"s":{"a":1,"k":[{"i":{"x":[0.833,0.833,0.833],"y":[0.833,0.833,0.833]},"o":{"x":[0.167,0.167,0.167],"y":[0.167,0.167,0.167]},"n":["0p833_0p833_0p167_0p167","0p833_0p833_0p167_0p167","0p833_0p833_0p167_0p167"],"t":61,"s":[0,0,100],"e":[85,85,100]},{"t":67}],"ix":6}},"ao":0,"ip":61,"op":72,"st":61,"bm":0},{"ddd":0,"ind":6,"ty":2,"nm":"xx.png","cl":"png","refId":"image_0","sr":1,"ks":{"o":{"a":1,"k":[{"i":{"x":[0.833],"y":[0.833]},"o":{"x":[0.167],"y":[0.167]},"n":["0p833_0p833_0p167_0p167"],"t":51,"s":[100],"e":[0]},{"t":55}],"ix":11},"r":{"a":0,"k":20,"ix":10},"p":{"a":0,"k":[432,482,0],"ix":2},"a":{"a":0,"k":[80,80,0],"ix":1},"s":{"a":1,"k":[{"i":{"x":[0.833,0.833,0.833],"y":[0.833,0.833,0.833]},"o":{"x":[0.167,0.167,0.167],"y":[0.167,0.167,0.167]},"n":["0p833_0p833_0p167_0p167","0p833_0p833_0p167_0p167","0p833_0p833_0p167_0p167"],"t":45,"s":[0,0,100],"e":[49,49,100]},{"t":51}],"ix":6}},"ao":0,"ip":45,"op":56,"st":45,"bm":0},{"ddd":0,"ind":7,"ty":2,"nm":"xx.png","cl":"png","refId":"image_0","sr":1,"ks":{"o":{"a":1,"k":[{"i":{"x":[0.833],"y":[0.833]},"o":{"x":[0.167],"y":[0.167]},"n":["0p833_0p833_0p167_0p167"],"t":56,"s":[100],"e":[0]},{"t":60}],"ix":11},"r":{"a":0,"k":22,"ix":10},"p":{"a":0,"k":[104,298,0],"ix":2},"a":{"a":0,"k":[80,80,0],"ix":1},"s":{"a":1,"k":[{"i":{"x":[0.833,0.833,0.833],"y":[0.833,0.833,0.833]},"o":{"x":[0.167,0.167,0.167],"y":[0.167,0.167,0.167]},"n":["0p833_0p833_0p167_0p167","0p833_0p833_0p167_0p167","0p833_0p833_0p167_0p167"],"t":50,"s":[0,0,100],"e":[42,42,100]},{"t":56}],"ix":6}},"ao":0,"ip":50,"op":61,"st":50,"bm":0},{"ddd":0,"ind":8,"ty":2,"nm":"xx.png","cl":"png","refId":"image_0","sr":1,"ks":{"o":{"a":1,"k":[{"i":{"x":[0.833],"y":[0.833]},"o":{"x":[0.167],"y":[0.167]},"n":["0p833_0p833_0p167_0p167"],"t":70,"s":[100],"e":[0]},{"t":74}],"ix":11},"r":{"a":0,"k":0,"ix":10},"p":{"a":0,"k":[164,478,0],"ix":2},"a":{"a":0,"k":[80,80,0],"ix":1},"s":{"a":1,"k":[{"i":{"x":[0.833,0.833,0.833],"y":[0.833,0.833,0.833]},"o":{"x":[0.167,0.167,0.167],"y":[0.167,0.167,0.167]},"n":["0p833_0p833_0p167_0p167","0p833_0p833_0p167_0p167","0p833_0p833_0p167_0p167"],"t":64,"s":[0,0,100],"e":[83,83,100]},{"t":70}],"ix":6}},"ao":0,"ip":64,"op":75,"st":64,"bm":0},{"ddd":0,"ind":9,"ty":2,"nm":"xx.png","cl":"png","refId":"image_0","sr":1,"ks":{"o":{"a":1,"k":[{"i":{"x":[0.833],"y":[0.833]},"o":{"x":[0.167],"y":[0.167]},"n":["0p833_0p833_0p167_0p167"],"t":60,"s":[100],"e":[0]},{"t":64}],"ix":11},"r":{"a":0,"k":-8,"ix":10},"p":{"a":0,"k":[316,462,0],"ix":2},"a":{"a":0,"k":[80,80,0],"ix":1},"s":{"a":1,"k":[{"i":{"x":[0.833,0.833,0.833],"y":[0.833,0.833,0.833]},"o":{"x":[0.167,0.167,0.167],"y":[0.167,0.167,0.167]},"n":["0p833_0p833_0p167_0p167","0p833_0p833_0p167_0p167","0p833_0p833_0p167_0p167"],"t":54,"s":[0,0,100],"e":[58,58,100]},{"t":60}],"ix":6}},"ao":0,"ip":54,"op":65,"st":54,"bm":0},{"ddd":0,"ind":10,"ty":2,"nm":"xx.png","cl":"png","refId":"image_0","sr":1,"ks":{"o":{"a":1,"k":[{"i":{"x":[0.833],"y":[0.833]},"o":{"x":[0.167],"y":[0.167]},"n":["0p833_0p833_0p167_0p167"],"t":51,"s":[100],"e":[0]},{"t":55}],"ix":11},"r":{"a":0,"k":48,"ix":10},"p":{"a":0,"k":[484,356,0],"ix":2},"a":{"a":0,"k":[80,80,0],"ix":1},"s":{"a":1,"k":[{"i":{"x":[0.833,0.833,0.833],"y":[0.833,0.833,0.833]},"o":{"x":[0.167,0.167,0.167],"y":[0.167,0.167,0.167]},"n":["0p833_0p833_0p167_0p167","0p833_0p833_0p167_0p167","0p833_0p833_0p167_0p167"],"t":45,"s":[0,0,100],"e":[111,111,100]},{"t":51}],"ix":6}},"ao":0,"ip":45,"op":56,"st":45,"bm":0},{"ddd":0,"ind":11,"ty":2,"nm":"xx.png","cl":"png","refId":"image_0","sr":1,"ks":{"o":{"a":1,"k":[{"i":{"x":[0.833],"y":[0.833]},"o":{"x":[0.167],"y":[0.167]},"n":["0p833_0p833_0p167_0p167"],"t":35,"s":[100],"e":[0]},{"t":39}],"ix":11},"r":{"a":0,"k":0,"ix":10},"p":{"a":0,"k":[218,116,0],"ix":2},"a":{"a":0,"k":[80,80,0],"ix":1},"s":{"a":1,"k":[{"i":{"x":[0.833,0.833,0.833],"y":[0.833,0.833,0.833]},"o":{"x":[0.167,0.167,0.167],"y":[0.167,0.167,0.167]},"n":["0p833_0p833_0p167_0p167","0p833_0p833_0p167_0p167","0p833_0p833_0p167_0p167"],"t":29,"s":[0,0,100],"e":[100,100,100]},{"t":35}],"ix":6}},"ao":0,"ip":29,"op":40,"st":29,"bm":0},{"ddd":0,"ind":12,"ty":2,"nm":"xx.png","cl":"png","refId":"image_0","sr":1,"ks":{"o":{"a":1,"k":[{"i":{"x":[0.833],"y":[0.833]},"o":{"x":[0.167],"y":[0.167]},"n":["0p833_0p833_0p167_0p167"],"t":19,"s":[100],"e":[0]},{"t":23}],"ix":11},"r":{"a":0,"k":0,"ix":10},"p":{"a":0,"k":[466,144,0],"ix":2},"a":{"a":0,"k":[80,80,0],"ix":1},"s":{"a":1,"k":[{"i":{"x":[0.833,0.833,0.833],"y":[0.833,0.833,0.833]},"o":{"x":[0.167,0.167,0.167],"y":[0.167,0.167,0.167]},"n":["0p833_0p833_0p167_0p167","0p833_0p833_0p167_0p167","0p833_0p833_0p167_0p167"],"t":13,"s":[0,0,100],"e":[100,100,100]},{"t":19}],"ix":6}},"ao":0,"ip":13,"op":24,"st":13,"bm":0},{"ddd":0,"ind":13,"ty":2,"nm":"xx.png","cl":"png","refId":"image_0","sr":1,"ks":{"o":{"a":1,"k":[{"i":{"x":[0.833],"y":[0.833]},"o":{"x":[0.167],"y":[0.167]},"n":["0p833_0p833_0p167_0p167"],"t":31,"s":[100],"e":[0]},{"t":35}],"ix":11},"r":{"a":0,"k":0,"ix":10},"p":{"a":0,"k":[340,238,0],"ix":2},"a":{"a":0,"k":[80,80,0],"ix":1},"s":{"a":1,"k":[{"i":{"x":[0.833,0.833,0.833],"y":[0.833,0.833,0.833]},"o":{"x":[0.167,0.167,0.167],"y":[0.167,0.167,0.167]},"n":["0p833_0p833_0p167_0p167","0p833_0p833_0p167_0p167","0p833_0p833_0p167_0p167"],"t":25,"s":[0,0,100],"e":[85,85,100]},{"t":31}],"ix":6}},"ao":0,"ip":25,"op":36,"st":25,"bm":0},{"ddd":0,"ind":14,"ty":2,"nm":"xx.png","cl":"png","refId":"image_0","sr":1,"ks":{"o":{"a":1,"k":[{"i":{"x":[0.833],"y":[0.833]},"o":{"x":[0.167],"y":[0.167]},"n":["0p833_0p833_0p167_0p167"],"t":10,"s":[100],"e":[0]},{"t":14}],"ix":11},"r":{"a":0,"k":0,"ix":10},"p":{"a":0,"k":[448,466,0],"ix":2},"a":{"a":0,"k":[80,80,0],"ix":1},"s":{"a":1,"k":[{"i":{"x":[0.833,0.833,0.833],"y":[0.833,0.833,0.833]},"o":{"x":[0.167,0.167,0.167],"y":[0.167,0.167,0.167]},"n":["0p833_0p833_0p167_0p167","0p833_0p833_0p167_0p167","0p833_0p833_0p167_0p167"],"t":4,"s":[0,0,100],"e":[95,95,100]},{"t":10}],"ix":6}},"ao":0,"ip":4,"op":15,"st":4,"bm":0},{"ddd":0,"ind":15,"ty":2,"nm":"xx.png","cl":"png","refId":"image_0","sr":1,"ks":{"o":{"a":1,"k":[{"i":{"x":[0.833],"y":[0.833]},"o":{"x":[0.167],"y":[0.167]},"n":["0p833_0p833_0p167_0p167"],"t":28,"s":[100],"e":[0]},{"t":32}],"ix":11},"r":{"a":0,"k":0,"ix":10},"p":{"a":0,"k":[104,298,0],"ix":2},"a":{"a":0,"k":[80,80,0],"ix":1},"s":{"a":1,"k":[{"i":{"x":[0.833,0.833,0.833],"y":[0.833,0.833,0.833]},"o":{"x":[0.167,0.167,0.167],"y":[0.167,0.167,0.167]},"n":["0p833_0p833_0p167_0p167","0p833_0p833_0p167_0p167","0p833_0p833_0p167_0p167"],"t":22,"s":[0,0,100],"e":[85,85,100]},{"t":28}],"ix":6}},"ao":0,"ip":22,"op":33,"st":22,"bm":0},{"ddd":0,"ind":16,"ty":2,"nm":"xx.png","cl":"png","refId":"image_0","sr":1,"ks":{"o":{"a":1,"k":[{"i":{"x":[0.833],"y":[0.833]},"o":{"x":[0.167],"y":[0.167]},"n":["0p833_0p833_0p167_0p167"],"t":21,"s":[100],"e":[0]},{"t":25}],"ix":11},"r":{"a":0,"k":0,"ix":10},"p":{"a":0,"k":[122,416,0],"ix":2},"a":{"a":0,"k":[80,80,0],"ix":1},"s":{"a":1,"k":[{"i":{"x":[0.833,0.833,0.833],"y":[0.833,0.833,0.833]},"o":{"x":[0.167,0.167,0.167],"y":[0.167,0.167,0.167]},"n":["0p833_0p833_0p167_0p167","0p833_0p833_0p167_0p167","0p833_0p833_0p167_0p167"],"t":15,"s":[0,0,100],"e":[83,83,100]},{"t":21}],"ix":6}},"ao":0,"ip":15,"op":26,"st":15,"bm":0},{"ddd":0,"ind":17,"ty":2,"nm":"xx.png","cl":"png","refId":"image_0","sr":1,"ks":{"o":{"a":1,"k":[{"i":{"x":[0.833],"y":[0.833]},"o":{"x":[0.167],"y":[0.167]},"n":["0p833_0p833_0p167_0p167"],"t":16,"s":[100],"e":[0]},{"t":20}],"ix":11},"r":{"a":0,"k":0,"ix":10},"p":{"a":0,"k":[316,462,0],"ix":2},"a":{"a":0,"k":[80,80,0],"ix":1},"s":{"a":1,"k":[{"i":{"x":[0.833,0.833,0.833],"y":[0.833,0.833,0.833]},"o":{"x":[0.167,0.167,0.167],"y":[0.167,0.167,0.167]},"n":["0p833_0p833_0p167_0p167","0p833_0p833_0p167_0p167","0p833_0p833_0p167_0p167"],"t":10,"s":[0,0,100],"e":[100,100,100]},{"t":16}],"ix":6}},"ao":0,"ip":10,"op":21,"st":10,"bm":0},{"ddd":0,"ind":18,"ty":2,"nm":"xx.png","cl":"png","refId":"image_0","sr":1,"ks":{"o":{"a":1,"k":[{"i":{"x":[0.833],"y":[0.833]},"o":{"x":[0.167],"y":[0.167]},"n":["0p833_0p833_0p167_0p167"],"t":28,"s":[100],"e":[0]},{"t":32}],"ix":11},"r":{"a":0,"k":0,"ix":10},"p":{"a":0,"k":[440,342,0],"ix":2},"a":{"a":0,"k":[80,80,0],"ix":1},"s":{"a":1,"k":[{"i":{"x":[0.833,0.833,0.833],"y":[0.833,0.833,0.833]},"o":{"x":[0.167,0.167,0.167],"y":[0.167,0.167,0.167]},"n":["0p833_0p833_0p167_0p167","0p833_0p833_0p167_0p167","0p833_0p833_0p167_0p167"],"t":22,"s":[0,0,100],"e":[111,111,100]},{"t":28}],"ix":6}},"ao":0,"ip":22,"op":33,"st":22,"bm":0},{"ddd":0,"ind":19,"ty":2,"nm":"xx.png","cl":"png","refId":"image_0","sr":1,"ks":{"o":{"a":1,"k":[{"i":{"x":[0.833],"y":[0.833]},"o":{"x":[0.167],"y":[0.167]},"n":["0p833_0p833_0p167_0p167"],"t":39,"s":[100],"e":[0]},{"t":43}],"ix":11},"r":{"a":0,"k":0,"ix":10},"p":{"a":0,"k":[214,296,0],"ix":2},"a":{"a":0,"k":[80,80,0],"ix":1},"s":{"a":1,"k":[{"i":{"x":[0.833,0.833,0.833],"y":[0.833,0.833,0.833]},"o":{"x":[0.167,0.167,0.167],"y":[0.167,0.167,0.167]},"n":["0p833_0p833_0p167_0p167","0p833_0p833_0p167_0p167","0p833_0p833_0p167_0p167"],"t":33,"s":[0,0,100],"e":[76,76,100]},{"t":39}],"ix":6}},"ao":0,"ip":33,"op":44,"st":33,"bm":0},{"ddd":0,"ind":20,"ty":2,"nm":"xx.png","cl":"png","refId":"image_0","sr":1,"ks":{"o":{"a":1,"k":[{"i":{"x":[0.833],"y":[0.833]},"o":{"x":[0.167],"y":[0.167]},"n":["0p833_0p833_0p167_0p167"],"t":13,"s":[100],"e":[0]},{"t":17}],"ix":11},"r":{"a":0,"k":0,"ix":10},"p":{"a":0,"k":[334,108,0],"ix":2},"a":{"a":0,"k":[80,80,0],"ix":1},"s":{"a":1,"k":[{"i":{"x":[0.833,0.833,0.833],"y":[0.833,0.833,0.833]},"o":{"x":[0.167,0.167,0.167],"y":[0.167,0.167,0.167]},"n":["0p833_0p833_0p167_0p167","0p833_0p833_0p167_0p167","0p833_0p833_0p167_0p167"],"t":7,"s":[0,0,100],"e":[93,93,100]},{"t":13}],"ix":6}},"ao":0,"ip":7,"op":18,"st":7,"bm":0},{"ddd":0,"ind":21,"ty":2,"nm":"xx.png","cl":"png","refId":"image_0","sr":1,"ks":{"o":{"a":1,"k":[{"i":{"x":[0.833],"y":[0.833]},"o":{"x":[0.167],"y":[0.167]},"n":["0p833_0p833_0p167_0p167"],"t":31,"s":[100],"e":[0]},{"t":35}],"ix":11},"r":{"a":0,"k":0,"ix":10},"p":{"a":0,"k":[158,172,0],"ix":2},"a":{"a":0,"k":[80,80,0],"ix":1},"s":{"a":1,"k":[{"i":{"x":[0.833,0.833,0.833],"y":[0.833,0.833,0.833]},"o":{"x":[0.167,0.167,0.167],"y":[0.167,0.167,0.167]},"n":["0p833_0p833_0p167_0p167","0p833_0p833_0p167_0p167","0p833_0p833_0p167_0p167"],"t":24,"s":[0,0,100],"e":[100,100,100]},{"t":30}],"ix":6}},"ao":0,"ip":24,"op":35,"st":24,"bm":0},{"ddd":0,"ind":22,"ty":2,"nm":"1.png","cl":"png","refId":"image_1","sr":1,"ks":{"o":{"a":0,"k":100,"ix":11},"r":{"a":0,"k":0,"ix":10},"p":{"a":0,"k":[300,300,0],"ix":2},"a":{"a":0,"k":[250,250,0],"ix":1},"s":{"a":1,"k":[{"i":{"x":[0.667,0.667,0.667],"y":[1,1,1]},"o":{"x":[0.167,0.167,0.167],"y":[0.167,0.167,15.385]},"n":["0p667_1_0p167_0p167","0p667_1_0p167_0p167","0p667_1_0p167_15p385"],"t":0,"s":[0,0,100],"e":[120,120,100]},{"i":{"x":[0.667,0.667,0.667],"y":[1,1,1]},"o":{"x":[0.333,0.333,0.333],"y":[0,0,0]},"n":["0p667_1_0p333_0","0p667_1_0p333_0","0p667_1_0p333_0"],"t":4.588,"s":[120,120,100],"e":[90,90,100]},{"i":{"x":[0.667,0.667,0.667],"y":[1,1,1]},"o":{"x":[0.333,0.333,0.333],"y":[0,0,0]},"n":["0p667_1_0p333_0","0p667_1_0p333_0","0p667_1_0p333_0"],"t":8.412,"s":[90,90,100],"e":[105,105,100]},{"i":{"x":[0.667,0.667,0.667],"y":[1,1,1]},"o":{"x":[0.333,0.333,0.333],"y":[0,0,0]},"n":["0p667_1_0p333_0","0p667_1_0p333_0","0p667_1_0p333_0"],"t":11.395,"s":[105,105,100],"e":[100,100,100]},{"i":{"x":[0.833,0.833,0.833],"y":[1,1,1]},"o":{"x":[0.167,0.167,0.167],"y":[0,0,0]},"n":["0p833_1_0p167_0","0p833_1_0p167_0","0p833_1_0p167_0"],"t":14,"s":[100,100,100],"e":[100,100,100]},{"i":{"x":[0.583,0.583,0.583],"y":[1.029,1.029,-12.611]},"o":{"x":[0.167,0.167,0.167],"y":[0,0,0]},"n":["0p583_1p029_0p167_0","0p583_1p029_0p167_0","0p583_-12p611_0p167_0"],"t":45,"s":[100,100,100],"e":[60,60,100]},{"i":{"x":[0.833,0.833,0.833],"y":[1,1,1]},"o":{"x":[0.417,0.417,0.417],"y":[0.05,0.05,29.488]},"n":["0p833_1_0p417_0p05","0p833_1_0p417_0p05","0p833_1_0p417_29p488"],"t":47,"s":[60,60,100],"e":[110,110,100]},{"i":{"x":[0.833,0.833,0.833],"y":[1,1,1]},"o":{"x":[0.167,0.167,0.167],"y":[0,0,0]},"n":["0p833_1_0p167_0","0p833_1_0p167_0","0p833_1_0p167_0"],"t":51.333,"s":[110,110,100],"e":[90,90,100]},{"i":{"x":[0.833,0.833,0.833],"y":[1,1,1]},"o":{"x":[0.167,0.167,0.167],"y":[0,0,0]},"n":["0p833_1_0p167_0","0p833_1_0p167_0","0p833_1_0p167_0"],"t":55.667,"s":[90,90,100],"e":[100,100,100]},{"t":60}],"ix":6}},"ao":0,"ip":0,"op":150,"st":0,"bm":0},{"ddd":0,"ind":23,"ty":2,"nm":"lights","refId":"image_2","sr":1,"ks":{"o":{"a":1,"k":[{"i":{"x":[0.833],"y":[0.833]},"o":{"x":[0.167],"y":[0.167]},"n":["0p833_0p833_0p167_0p167"],"t":0,"s":[0],"e":[100]},{"i":{"x":[0.833],"y":[0.833]},"o":{"x":[0.167],"y":[0.167]},"n":["0p833_0p833_0p167_0p167"],"t":5,"s":[100],"e":[100]},{"i":{"x":[0.833],"y":[0.833]},"o":{"x":[0.167],"y":[0.167]},"n":["0p833_0p833_0p167_0p167"],"t":20,"s":[100],"e":[0]},{"t":44}],"ix":11},"r":{"a":0,"k":0,"ix":10},"p":{"a":0,"k":[300,300,0],"ix":2},"a":{"a":0,"k":[250,250,0],"ix":1},"s":{"a":1,"k":[{"i":{"x":[0.833,0.833,0.833],"y":[0.833,0.833,0.833]},"o":{"x":[0.167,0.167,0.167],"y":[0.167,0.167,0.167]},"n":["0p833_0p833_0p167_0p167","0p833_0p833_0p167_0p167","0p833_0p833_0p167_0p167"],"t":0,"s":[30,30,100],"e":[80,80,100]},{"i":{"x":[0.833,0.833,0.833],"y":[0.833,0.833,0.833]},"o":{"x":[0.167,0.167,0.167],"y":[0.167,0.167,0.167]},"n":["0p833_0p833_0p167_0p167","0p833_0p833_0p167_0p167","0p833_0p833_0p167_0p167"],"t":2,"s":[80,80,100],"e":[100,100,100]},{"t":4}],"ix":6}},"ao":0,"ip":0,"op":150,"st":0,"bm":0}],"markers":[{"tm":0,"cm":"1","dr":0},{"tm":45,"cm":"2","dr":0},{"tm":75,"cm":"3","dr":0}]}