{"v":"5.5.2","fr":60,"ip":0,"op":540,"w":120,"h":120,"nm":"转圈small 3","ddd":0,"assets":[],"layers":[{"ddd":0,"ind":1,"ty":4,"nm":"note6","sr":1,"ks":{"o":{"a":1,"k":[{"i":{"x":[0.833],"y":[0.833]},"o":{"x":[0.167],"y":[0.167]},"t":450,"s":[0],"e":[30]},{"i":{"x":[0.833],"y":[0.833]},"o":{"x":[0.167],"y":[0.167]},"t":479.752,"s":[30],"e":[30]},{"i":{"x":[0.833],"y":[0.833]},"o":{"x":[0.167],"y":[0.167]},"t":598.76,"s":[30],"e":[0]},{"t":630}],"ix":11},"r":{"a":1,"k":[{"i":{"x":[0.833],"y":[0.833]},"o":{"x":[0.333],"y":[0]},"t":450,"s":[-20],"e":[20]},{"t":630}],"ix":10},"p":{"a":1,"k":[{"i":{"x":0.833,"y":0.833},"o":{"x":0.167,"y":0.167},"t":450,"s":[54.245,92.943,0],"e":[79.205,25.083,0],"to":[-9.88,-10.14,0],"ti":[-43.16,11.31,0]},{"t":630}],"ix":2},"a":{"a":0,"k":[0,0,0],"ix":1},"s":{"a":1,"k":[{"i":{"x":[0.833,0.833,0.833],"y":[0.833,0.833,1]},"o":{"x":[0.333,0.333,0.333],"y":[0,0,0]},"t":450,"s":[61.62,61.62,100],"e":[85.8,85.8,100]},{"t":630}],"ix":6}},"ao":0,"shapes":[{"ty":"gr","it":[{"ind":0,"ty":"sh","ix":1,"ks":{"a":0,"k":{"i":[[0,0],[-0.03,-0.16],[2.69,-0.62],[0.5,2.15],[-2.69,0.61],[-0.94,-0.31],[0,0],[-1.36,0.31],[0,0],[0,-1.93],[0,0],[0,0],[0,-0.01],[2.69,-0.62],[0.5,2.15],[-2.69,0.61],[-0.94,-0.31],[0,0],[0,0],[0,0]],"o":[[0.07,0.15],[0.51,2.15],[-2.69,0.61],[-0.51,-2.16],[1.11,-0.25],[0,0],[0,-1.4],[0,0],[1.88,-0.44],[0,0],[0,0],[0,0.01],[0.51,2.15],[-2.69,0.61],[-0.51,-2.16],[1.11,-0.25],[0,0],[0,0],[0,0],[0,0]],"v":[[-3.414,7.652],[-3.264,8.122],[-7.224,13.132],[-13.004,10.352],[-9.044,5.342],[-5.904,5.462],[-5.904,-7.288],[-3.584,-10.208],[9.416,-13.208],[13.096,-10.288],[13.096,5.032],[12.736,5.092],[12.736,5.122],[8.776,10.132],[2.996,7.352],[6.956,2.342],[10.096,2.462],[10.096,-10.288],[-2.904,-7.288],[-2.904,7.572]],"c":true},"ix":2},"nm":"Path 1","mn":"ADBE Vector Shape - Group","hd":false},{"ty":"fl","c":{"a":0,"k":[0,0,0,1],"ix":4},"o":{"a":0,"k":100,"ix":5},"r":1,"bm":0,"nm":"Fill 1","mn":"ADBE Vector Graphic - Fill","hd":false},{"ty":"tr","p":{"a":0,"k":[0,0],"ix":2},"a":{"a":0,"k":[0,0],"ix":1},"s":{"a":0,"k":[100,100],"ix":3},"r":{"a":0,"k":0,"ix":6},"o":{"a":0,"k":100,"ix":7},"sk":{"a":0,"k":0,"ix":4},"sa":{"a":0,"k":0,"ix":5},"nm":"Transform"}],"nm":"note2","np":2,"cix":2,"bm":0,"ix":1,"mn":"ADBE Vector Group","hd":false}],"ip":450,"op":631,"st":450,"bm":0},{"ddd":0,"ind":2,"ty":4,"nm":"note5","sr":1,"ks":{"o":{"a":1,"k":[{"i":{"x":[0.833],"y":[0.833]},"o":{"x":[0.167],"y":[0.167]},"t":360,"s":[0],"e":[30]},{"i":{"x":[0.833],"y":[0.833]},"o":{"x":[0.167],"y":[0.167]},"t":389.752,"s":[30],"e":[30]},{"i":{"x":[0.833],"y":[0.833]},"o":{"x":[0.167],"y":[0.167]},"t":508.76,"s":[30],"e":[0]},{"t":540}],"ix":11},"r":{"a":1,"k":[{"i":{"x":[0.833],"y":[0.833]},"o":{"x":[0.333],"y":[0]},"t":360,"s":[-20],"e":[20]},{"t":540}],"ix":10},"p":{"a":1,"k":[{"i":{"x":0.833,"y":0.833},"o":{"x":0.167,"y":0.167},"t":360,"s":[54.245,92.943,0],"e":[79.205,25.083,0],"to":[-9.88,-10.14,0],"ti":[-43.16,11.31,0]},{"t":540}],"ix":2},"a":{"a":0,"k":[0,0,0],"ix":1},"s":{"a":1,"k":[{"i":{"x":[0.833,0.833,0.833],"y":[0.833,0.833,1]},"o":{"x":[0.333,0.333,0.333],"y":[0,0,0]},"t":360,"s":[61.62,61.62,100],"e":[85.8,85.8,100]},{"t":540}],"ix":6}},"ao":0,"shapes":[{"ty":"gr","it":[{"ind":0,"ty":"sh","ix":1,"ks":{"a":0,"k":{"i":[[0,0],[0.48,-0.57],[0.66,-0.43],[0.17,-0.1],[-0.04,0.31],[-0.79,0.99],[-0.17,0.12],[-0.26,-0.02],[-0.01,-0.31],[0.06,-0.27]],"o":[[-0.17,0.72],[-0.5,0.59],[-0.08,0.05],[0,-0.39],[0.14,-1.24],[0.14,-0.16],[0.2,-0.16],[0.33,0.03],[0.01,0.28],[0,0]],"v":[[4.398,-9.842],[3.338,-7.942],[1.638,-6.382],[1.308,-6.192],[1.318,-7.202],[2.768,-10.542],[3.228,-10.962],[3.938,-11.182],[4.478,-10.672],[4.398,-9.842]],"c":true},"ix":2},"nm":"Path 1","mn":"ADBE Vector Shape - Group","hd":false},{"ind":1,"ty":"sh","ix":2,"ks":{"a":0,"k":{"i":[[0,0],[1.14,-0.19],[0.04,1.63],[-0.09,-1.05]],"o":[[0.09,1.05],[-0.05,-1.63],[1.08,0.13],[0,0]],"v":[[3.379,3.956],[1.569,6.616],[1.469,1.726],[3.379,3.956]],"c":true},"ix":2},"nm":"Path 2","mn":"ADBE Vector Shape - Group","hd":false},{"ind":2,"ty":"sh","ix":3,"ks":{"a":0,"k":{"i":[[0,0],[-0.46,1.51],[-0.71,0.65],[-1.02,0.55],[-0.05,0.02],[-0.01,-0.68],[0.11,-0.04],[0.23,-1.53],[-1.11,-0.53],[-0.09,-0.01],[-0.07,0.13],[0.11,0.1],[0.07,0.04],[-1.16,0.87],[-0.46,0.07],[-0.03,-1.7],[0.92,0.66]],"o":[[-1.32,-0.95],[0.27,-0.9],[0.83,-0.78],[0.05,-0.03],[0.01,0.67],[-0.11,0.03],[-1.51,0.57],[-0.18,1.16],[0.09,0.04],[0.14,0.02],[0.07,-0.12],[-0.06,-0.05],[-0.84,-0.55],[0.31,-0.23],[0.02,1.73],[-1.2,0.13],[0,0]],"v":[[-2.544,5.938],[-3.974,1.848],[-2.474,-0.512],[0.306,-2.522],[0.466,-2.592],[0.496,-0.602],[0.166,-0.492],[-2.494,2.638],[-0.814,5.618],[-0.544,5.698],[-0.204,5.548],[-0.264,5.198],[-0.454,5.058],[-0.534,2.158],[0.546,1.648],[0.616,6.768],[-2.544,5.938]],"c":true},"ix":2},"nm":"Path 3","mn":"ADBE Vector Shape - Group","hd":false},{"ind":3,"ty":"sh","ix":4,"ks":{"a":0,"k":{"i":[[0,0],[0,0.11],[0.13,0.54],[0.16,0.37],[0.14,0.21],[0.11,0.02],[0,0],[0.09,-0.02],[0.51,-0.74],[0.16,-0.35],[-0.06,-1.29],[-0.02,-0.37],[0.13,-0.08],[0.33,-0.22],[0.79,-0.75],[0.44,-0.75],[-2.11,-1.75],[-1.31,-0.04],[-0.17,-0.01],[-0.02,-0.39],[0.03,-0.43],[0.1,-0.43],[1.09,0.04],[0.3,0.23],[0.03,0.04],[-0.05,0],[-0.16,0.75],[0.59,0.48],[0.66,-0.42],[-1.05,-1.14],[-1.03,-0.01],[-0.19,1.58],[0.02,1],[0,0.21],[0,0],[0,0],[0,0],[-0.35,0.44],[0,0],[-0.09,0.13],[0.1,1.12],[1.94,0.19],[0,0],[0,0],[0,0],[0.01,0.64],[0.01,0.07],[-0.16,0.1],[-0.57,0.74],[0,0],[-0.03,0.04],[0,0],[-0.24,0.64],[-0.04,0.84],[0,0]],"o":[[0.01,-0.11],[0,-0.55],[-0.09,-0.4],[-0.1,-0.23],[-0.07,-0.08],[0,0],[-0.09,-0.02],[-0.92,0.26],[-0.22,0.33],[-0.57,1.17],[0.02,0.37],[0,0.12],[-0.32,0.22],[-0.92,0.61],[-0.64,0.61],[-1.36,2.37],[0.98,0.82],[0.13,0.01],[0.02,0.39],[0.02,0.43],[-0.02,0.43],[-0.27,1.22],[-0.36,-0.02],[-0.04,-0.04],[0.09,-0.02],[0.8,-0.09],[0.15,-0.71],[-0.59,-0.48],[-1.2,0.77],[0.68,0.73],[1.65,0.02],[0.12,-1.01],[0,-0.21],[0,0],[0,0],[0,0],[1.49,-0.47],[0,0],[0.1,-0.12],[0.59,-0.97],[-0.15,-1.75],[0,0],[0,0],[0,0],[-0.01,-0.64],[-0.01,-0.08],[-0.02,-0.17],[0.79,-0.52],[0,0],[0.04,-0.08],[0,0],[0.38,-0.58],[0.3,-0.82],[0,0],[0,0]],"v":[[5.49,-10.06],[5.5,-10.39],[5.31,-12.03],[4.93,-13.19],[4.53,-13.83],[4.26,-13.99],[4.25,-13.99],[3.98,-13.98],[1.9,-12.39],[1.32,-11.38],[0.43,-7.5],[0.49,-6.4],[0.44,-5.7],[-0.54,-5.04],[-3.15,-3.02],[-4.83,-0.88],[-3.28,6.39],[0.17,7.69],[0.61,7.72],[0.69,8.89],[0.71,10.18],[0.54,11.47],[-1.84,13.08],[-2.86,12.77],[-2.98,12.64],[-2.8,12.61],[-1.26,11.31],[-1.9,9.48],[-3.96,9.38],[-4.42,12.85],[-1.68,14],[1.6,11.32],[1.61,8.31],[1.61,7.68],[1.6,7.68],[1.59,7.67],[1.6,7.67],[4.11,6.13],[4.11,6.13],[4.39,5.75],[5.07,2.97],[1.74,-0.62],[1.46,-0.75],[1.45,-0.75],[1.46,-0.76],[1.42,-2.68],[1.41,-2.91],[1.6,-3.29],[3.65,-5.19],[3.93,-5.54],[4.03,-5.72],[4.03,-5.72],[4.96,-7.56],[5.49,-10.05],[5.49,-10.06]],"c":true},"ix":2},"nm":"Path 4","mn":"ADBE Vector Shape - Group","hd":false},{"ty":"mm","mm":1,"nm":"Merge Paths 1","mn":"ADBE Vector Filter - Merge","hd":false},{"ty":"fl","c":{"a":0,"k":[0,0,0,1],"ix":4},"o":{"a":0,"k":100,"ix":5},"r":1,"bm":0,"nm":"Fill 1","mn":"ADBE Vector Graphic - Fill","hd":false},{"ty":"tr","p":{"a":0,"k":[0,0],"ix":2},"a":{"a":0,"k":[0,0],"ix":1},"s":{"a":0,"k":[130,130],"ix":3},"r":{"a":0,"k":0,"ix":6},"o":{"a":0,"k":100,"ix":7},"sk":{"a":0,"k":0,"ix":4},"sa":{"a":0,"k":0,"ix":5},"nm":"Transform"}],"nm":"Fill 1","np":6,"cix":2,"bm":0,"ix":1,"mn":"ADBE Vector Group","hd":false}],"ip":359,"op":540,"st":359,"bm":0},{"ddd":0,"ind":3,"ty":4,"nm":"note4","sr":1,"ks":{"o":{"a":1,"k":[{"i":{"x":[0.833],"y":[0.833]},"o":{"x":[0.167],"y":[0.167]},"t":270,"s":[0],"e":[30]},{"i":{"x":[0.833],"y":[0.833]},"o":{"x":[0.167],"y":[0.167]},"t":299.752,"s":[30],"e":[30]},{"i":{"x":[0.833],"y":[0.833]},"o":{"x":[0.167],"y":[0.167]},"t":418.76,"s":[30],"e":[0]},{"t":450}],"ix":11},"r":{"a":1,"k":[{"i":{"x":[0.833],"y":[0.833]},"o":{"x":[0.333],"y":[0]},"t":270,"s":[-20],"e":[20]},{"t":450}],"ix":10},"p":{"a":1,"k":[{"i":{"x":0.833,"y":0.833},"o":{"x":0.167,"y":0.167},"t":270,"s":[54.245,92.943,0],"e":[79.205,25.083,0],"to":[-9.88,-10.14,0],"ti":[-43.16,11.31,0]},{"t":450}],"ix":2},"a":{"a":0,"k":[0,0,0],"ix":1},"s":{"a":1,"k":[{"i":{"x":[0.833,0.833,0.833],"y":[0.833,0.833,1]},"o":{"x":[0.333,0.333,0.333],"y":[0,0,0]},"t":270,"s":[61.62,61.62,100],"e":[85.8,85.8,100]},{"t":450}],"ix":6}},"ao":0,"shapes":[{"ty":"gr","it":[{"ind":0,"ty":"sh","ix":1,"ks":{"a":0,"k":{"i":[[0,0],[-0.03,-0.16],[2.69,-0.62],[0.5,2.15],[-2.69,0.61],[-0.94,-0.31],[0,0],[-1.36,0.31],[0,0],[0,-1.93],[0,0],[0,0],[0,-0.01],[2.69,-0.62],[0.5,2.15],[-2.69,0.61],[-0.94,-0.31],[0,0],[0,0],[0,0]],"o":[[0.07,0.15],[0.51,2.15],[-2.69,0.61],[-0.51,-2.16],[1.11,-0.25],[0,0],[0,-1.4],[0,0],[1.88,-0.44],[0,0],[0,0],[0,0.01],[0.51,2.15],[-2.69,0.61],[-0.51,-2.16],[1.11,-0.25],[0,0],[0,0],[0,0],[0,0]],"v":[[-3.414,7.652],[-3.264,8.122],[-7.224,13.132],[-13.004,10.352],[-9.044,5.342],[-5.904,5.462],[-5.904,-7.288],[-3.584,-10.208],[9.416,-13.208],[13.096,-10.288],[13.096,5.032],[12.736,5.092],[12.736,5.122],[8.776,10.132],[2.996,7.352],[6.956,2.342],[10.096,2.462],[10.096,-10.288],[-2.904,-7.288],[-2.904,7.572]],"c":true},"ix":2},"nm":"Path 1","mn":"ADBE Vector Shape - Group","hd":false},{"ty":"fl","c":{"a":0,"k":[0,0,0,1],"ix":4},"o":{"a":0,"k":100,"ix":5},"r":1,"bm":0,"nm":"Fill 1","mn":"ADBE Vector Graphic - Fill","hd":false},{"ty":"tr","p":{"a":0,"k":[0,0],"ix":2},"a":{"a":0,"k":[0,0],"ix":1},"s":{"a":0,"k":[100,100],"ix":3},"r":{"a":0,"k":0,"ix":6},"o":{"a":0,"k":100,"ix":7},"sk":{"a":0,"k":0,"ix":4},"sa":{"a":0,"k":0,"ix":5},"nm":"Transform"}],"nm":"note2","np":2,"cix":2,"bm":0,"ix":1,"mn":"ADBE Vector Group","hd":false}],"ip":270,"op":451,"st":270,"bm":0},{"ddd":0,"ind":4,"ty":4,"nm":"note3","sr":1,"ks":{"o":{"a":1,"k":[{"i":{"x":[0.833],"y":[0.833]},"o":{"x":[0.167],"y":[0.167]},"t":180,"s":[0],"e":[30]},{"i":{"x":[0.833],"y":[0.833]},"o":{"x":[0.167],"y":[0.167]},"t":209.752,"s":[30],"e":[30]},{"i":{"x":[0.833],"y":[0.833]},"o":{"x":[0.167],"y":[0.167]},"t":328.76,"s":[30],"e":[0]},{"t":360}],"ix":11},"r":{"a":1,"k":[{"i":{"x":[0.833],"y":[0.833]},"o":{"x":[0.333],"y":[0]},"t":180,"s":[-20],"e":[20]},{"t":360}],"ix":10},"p":{"a":1,"k":[{"i":{"x":0.833,"y":0.833},"o":{"x":0.167,"y":0.167},"t":180,"s":[54.245,92.943,0],"e":[79.205,25.083,0],"to":[-9.88,-10.14,0],"ti":[-43.16,11.31,0]},{"t":360}],"ix":2},"a":{"a":0,"k":[0,0,0],"ix":1},"s":{"a":1,"k":[{"i":{"x":[0.833,0.833,0.833],"y":[0.833,0.833,1]},"o":{"x":[0.333,0.333,0.333],"y":[0,0,0]},"t":180,"s":[61.62,61.62,100],"e":[85.8,85.8,100]},{"t":360}],"ix":6}},"ao":0,"shapes":[{"ty":"gr","it":[{"ind":0,"ty":"sh","ix":1,"ks":{"a":0,"k":{"i":[[0,0],[2.2,-0.52],[0.42,1.89],[-2.42,0.57],[-0.96,-0.5],[0,0],[0,0],[0,0],[-0.39,-1.34],[0.18,0],[1.33,2.5],[0.83,0.08],[0,0],[0.18,-0.41]],"o":[[0.07,1.72],[-2.42,0.57],[-0.43,-1.88],[1.29,-0.31],[0,0],[0,0],[0,0],[2.17,1.96],[1.27,4.46],[-0.27,0],[-0.83,-1.56],[0,0],[0,0.53],[0,0]],"v":[[2.169,6.755],[-1.501,10.695],[-6.651,8.305],[-3.041,3.865],[0.459,4.215],[0.459,-10.845],[2.459,-10.845],[2.459,-9.805],[6.289,-4.845],[5.459,3.155],[4.959,-4.345],[2.459,-6.805],[2.459,5.355],[2.169,6.755]],"c":true},"ix":2},"nm":"Path 1","mn":"ADBE Vector Shape - Group","hd":false},{"ty":"fl","c":{"a":0,"k":[0,0,0,1],"ix":4},"o":{"a":0,"k":100,"ix":5},"r":1,"bm":0,"nm":"Fill 1","mn":"ADBE Vector Graphic - Fill","hd":false},{"ty":"tr","p":{"a":0,"k":[0,0],"ix":2},"a":{"a":0,"k":[0,0],"ix":1},"s":{"a":0,"k":[100,100],"ix":3},"r":{"a":0,"k":0,"ix":6},"o":{"a":0,"k":100,"ix":7},"sk":{"a":0,"k":0,"ix":4},"sa":{"a":0,"k":0,"ix":5},"nm":"Transform"}],"nm":"Path","np":2,"cix":2,"bm":0,"ix":1,"mn":"ADBE Vector Group","hd":false}],"ip":179,"op":360,"st":179,"bm":0},{"ddd":0,"ind":5,"ty":4,"nm":"note2","sr":1,"ks":{"o":{"a":1,"k":[{"i":{"x":[0.833],"y":[0.833]},"o":{"x":[0.167],"y":[0.167]},"t":90,"s":[0],"e":[30]},{"i":{"x":[0.833],"y":[0.833]},"o":{"x":[0.167],"y":[0.167]},"t":119.752,"s":[30],"e":[30]},{"i":{"x":[0.833],"y":[0.833]},"o":{"x":[0.167],"y":[0.167]},"t":238.76,"s":[30],"e":[0]},{"t":270}],"ix":11},"r":{"a":1,"k":[{"i":{"x":[0.833],"y":[0.833]},"o":{"x":[0.333],"y":[0]},"t":90,"s":[-20],"e":[20]},{"t":270}],"ix":10},"p":{"a":1,"k":[{"i":{"x":0.833,"y":0.833},"o":{"x":0.167,"y":0.167},"t":90,"s":[54.245,92.943,0],"e":[79.205,25.083,0],"to":[-9.88,-10.14,0],"ti":[-43.16,11.31,0]},{"t":270}],"ix":2},"a":{"a":0,"k":[0,0,0],"ix":1},"s":{"a":1,"k":[{"i":{"x":[0.833,0.833,0.833],"y":[0.833,0.833,1]},"o":{"x":[0.333,0.333,0.333],"y":[0,0,0]},"t":90,"s":[61.62,61.62,100],"e":[85.8,85.8,100]},{"t":270}],"ix":6}},"ao":0,"shapes":[{"ty":"gr","it":[{"ind":0,"ty":"sh","ix":1,"ks":{"a":0,"k":{"i":[[0,0],[-0.03,-0.16],[2.69,-0.62],[0.5,2.15],[-2.69,0.61],[-0.94,-0.31],[0,0],[-1.36,0.31],[0,0],[0,-1.93],[0,0],[0,0],[0,-0.01],[2.69,-0.62],[0.5,2.15],[-2.69,0.61],[-0.94,-0.31],[0,0],[0,0],[0,0]],"o":[[0.07,0.15],[0.51,2.15],[-2.69,0.61],[-0.51,-2.16],[1.11,-0.25],[0,0],[0,-1.4],[0,0],[1.88,-0.44],[0,0],[0,0],[0,0.01],[0.51,2.15],[-2.69,0.61],[-0.51,-2.16],[1.11,-0.25],[0,0],[0,0],[0,0],[0,0]],"v":[[-3.414,7.652],[-3.264,8.122],[-7.224,13.132],[-13.004,10.352],[-9.044,5.342],[-5.904,5.462],[-5.904,-7.288],[-3.584,-10.208],[9.416,-13.208],[13.096,-10.288],[13.096,5.032],[12.736,5.092],[12.736,5.122],[8.776,10.132],[2.996,7.352],[6.956,2.342],[10.096,2.462],[10.096,-10.288],[-2.904,-7.288],[-2.904,7.572]],"c":true},"ix":2},"nm":"Path 1","mn":"ADBE Vector Shape - Group","hd":false},{"ty":"fl","c":{"a":0,"k":[0,0,0,1],"ix":4},"o":{"a":0,"k":100,"ix":5},"r":1,"bm":0,"nm":"Fill 1","mn":"ADBE Vector Graphic - Fill","hd":false},{"ty":"tr","p":{"a":0,"k":[0,0],"ix":2},"a":{"a":0,"k":[0,0],"ix":1},"s":{"a":0,"k":[100,100],"ix":3},"r":{"a":0,"k":0,"ix":6},"o":{"a":0,"k":100,"ix":7},"sk":{"a":0,"k":0,"ix":4},"sa":{"a":0,"k":0,"ix":5},"nm":"Transform"}],"nm":"note2","np":2,"cix":2,"bm":0,"ix":1,"mn":"ADBE Vector Group","hd":false}],"ip":90,"op":271,"st":90,"bm":0},{"ddd":0,"ind":6,"ty":4,"nm":"note1","sr":1,"ks":{"o":{"a":1,"k":[{"i":{"x":[0.833],"y":[0.833]},"o":{"x":[0.167],"y":[0.167]},"t":0,"s":[0],"e":[30]},{"i":{"x":[0.833],"y":[0.833]},"o":{"x":[0.167],"y":[0.167]},"t":29.752,"s":[30],"e":[30]},{"i":{"x":[0.833],"y":[0.833]},"o":{"x":[0.167],"y":[0.167]},"t":148.76,"s":[30],"e":[0]},{"t":180}],"ix":11},"r":{"a":1,"k":[{"i":{"x":[0.833],"y":[0.833]},"o":{"x":[0.333],"y":[0]},"t":0,"s":[-20],"e":[20]},{"t":180}],"ix":10},"p":{"a":1,"k":[{"i":{"x":0.833,"y":0.833},"o":{"x":0.167,"y":0.167},"t":0,"s":[54.245,92.943,0],"e":[79.205,25.083,0],"to":[-9.88,-10.14,0],"ti":[-43.16,11.31,0]},{"t":180}],"ix":2},"a":{"a":0,"k":[0,0,0],"ix":1},"s":{"a":1,"k":[{"i":{"x":[0.833,0.833,0.833],"y":[0.833,0.833,1]},"o":{"x":[0.333,0.333,0.333],"y":[0,0,0]},"t":0,"s":[61.62,61.62,100],"e":[85.8,85.8,100]},{"t":180}],"ix":6}},"ao":0,"shapes":[{"ty":"gr","it":[{"ind":0,"ty":"sh","ix":1,"ks":{"a":0,"k":{"i":[[0,0],[2.2,-0.52],[0.42,1.89],[-2.42,0.57],[-0.96,-0.5],[0,0],[0,0],[0,0],[-0.39,-1.34],[0.18,0],[1.33,2.5],[0.83,0.08],[0,0],[0.18,-0.41]],"o":[[0.07,1.72],[-2.42,0.57],[-0.43,-1.88],[1.29,-0.31],[0,0],[0,0],[0,0],[2.17,1.96],[1.27,4.46],[-0.27,0],[-0.83,-1.56],[0,0],[0,0.53],[0,0]],"v":[[2.169,6.755],[-1.501,10.695],[-6.651,8.305],[-3.041,3.865],[0.459,4.215],[0.459,-10.845],[2.459,-10.845],[2.459,-9.805],[6.289,-4.845],[5.459,3.155],[4.959,-4.345],[2.459,-6.805],[2.459,5.355],[2.169,6.755]],"c":true},"ix":2},"nm":"Path 1","mn":"ADBE Vector Shape - Group","hd":false},{"ty":"fl","c":{"a":0,"k":[0,0,0,1],"ix":4},"o":{"a":0,"k":100,"ix":5},"r":1,"bm":0,"nm":"Fill 1","mn":"ADBE Vector Graphic - Fill","hd":false},{"ty":"tr","p":{"a":0,"k":[0,0],"ix":2},"a":{"a":0,"k":[0,0],"ix":1},"s":{"a":0,"k":[100,100],"ix":3},"r":{"a":0,"k":0,"ix":6},"o":{"a":0,"k":100,"ix":7},"sk":{"a":0,"k":0,"ix":4},"sa":{"a":0,"k":0,"ix":5},"nm":"Transform"}],"nm":"Path","np":2,"cix":2,"bm":0,"ix":1,"mn":"ADBE Vector Group","hd":false}],"ip":-1,"op":180,"st":-1,"bm":0},{"ddd":0,"ind":7,"ty":4,"nm":"m","sr":1,"ks":{"o":{"a":0,"k":70,"ix":11},"r":{"a":0,"k":0,"ix":10},"p":{"a":0,"k":[90,90,0],"ix":2},"a":{"a":0,"k":[0,0,0],"ix":1},"s":{"a":0,"k":[16.667,16.667,100],"ix":6}},"ao":0,"shapes":[{"ty":"gr","it":[{"ind":0,"ty":"sh","ix":1,"ks":{"a":1,"k":[{"i":{"x":0.27,"y":1},"o":{"x":0.4,"y":0},"t":180,"s":[{"i":[[0,0],[0,0],[0,0],[0,0],[0,0]],"o":[[0,0],[0,0],[0,0],[0,0],[0,0]],"v":[[-74.5,49.25],[-74.5,-51.5],[-1.25,-10.5],[73,-51.5],[73,48.75]],"c":false}],"e":[{"i":[[0,0],[0,0],[0,0],[0,0],[0,0]],"o":[[0,0],[0,0],[0,0],[0,0],[0,0]],"v":[[-41,48.75],[-41,-52],[8.5,-41],[56,-52],[56,48.75]],"c":false}]},{"i":{"x":0.27,"y":1},"o":{"x":0.4,"y":0},"t":270.334,"s":[{"i":[[0,0],[0,0],[0,0],[0,0],[0,0]],"o":[[0,0],[0,0],[0,0],[0,0],[0,0]],"v":[[-41,48.75],[-41,-52],[8.5,-41],[56,-52],[56,48.75]],"c":false}],"e":[{"i":[[0,0],[0,0],[0,0],[0,0],[0,0]],"o":[[0,0],[0,0],[0,0],[0,0],[0,0]],"v":[[-41,48.75],[-41,-52],[8.5,-41],[56,-52],[56,48.75]],"c":false}]},{"i":{"x":0.27,"y":1},"o":{"x":0.4,"y":0},"t":360.666,"s":[{"i":[[0,0],[0,0],[0,0],[0,0],[0,0]],"o":[[0,0],[0,0],[0,0],[0,0],[0,0]],"v":[[-41,48.75],[-41,-52],[8.5,-41],[56,-52],[56,48.75]],"c":false}],"e":[{"i":[[0,0],[0,0],[0,0],[0,0],[0,0]],"o":[[0,0],[0,0],[0,0],[0,0],[0,0]],"v":[[-74.5,49.25],[-74.5,-51.5],[-1.25,-10.5],[73,-51.5],[73,48.75]],"c":false}]},{"t":451}],"ix":2},"nm":"Path 1","mn":"ADBE Vector Shape - Group","hd":false},{"ty":"st","c":{"a":0,"k":[0,0,0,1],"ix":3},"o":{"a":0,"k":100,"ix":4},"w":{"a":0,"k":19,"ix":5},"lc":2,"lj":2,"bm":0,"nm":"Stroke 1","mn":"ADBE Vector Graphic - Stroke","hd":false},{"ty":"tr","p":{"a":0,"k":[0,0],"ix":2},"a":{"a":0,"k":[0,0],"ix":1},"s":{"a":0,"k":[100,100],"ix":3},"r":{"a":0,"k":0,"ix":6},"o":{"a":0,"k":100,"ix":7},"sk":{"a":0,"k":0,"ix":4},"sa":{"a":0,"k":0,"ix":5},"nm":"Transform"}],"nm":"M","np":2,"cix":2,"bm":0,"ix":1,"mn":"ADBE Vector Group","hd":false},{"ty":"gr","it":[{"ind":0,"ty":"sh","ix":1,"ks":{"a":1,"k":[{"i":{"x":0.27,"y":1},"o":{"x":0.4,"y":0},"t":179,"s":[{"i":[[0,0],[0.835,0],[0,0.835],[-0.835,0],[0,-0.835]],"o":[[0,0.835],[-0.835,0],[0,-0.835],[0.835,0],[0,0]],"v":[[6.211,0.072],[4.702,1.581],[3.189,0.072],[4.702,-1.441],[6.211,0.072]],"c":false}],"e":[{"i":[[0,0],[1.82,0],[0,1.82],[-1.82,0],[0,-1.82]],"o":[[0,1.82],[-1.82,0],[0,-1.82],[1.82,0],[0,0]],"v":[[3.294,0.004],[0.004,3.294],[-3.296,0.004],[0.004,-3.296],[3.294,0.004]],"c":false}]},{"i":{"x":0.27,"y":1},"o":{"x":0.4,"y":0},"t":269.334,"s":[{"i":[[0,0],[1.82,0],[0,1.82],[-1.82,0],[0,-1.82]],"o":[[0,1.82],[-1.82,0],[0,-1.82],[1.82,0],[0,0]],"v":[[3.294,0.004],[0.004,3.294],[-3.296,0.004],[0.004,-3.296],[3.294,0.004]],"c":false}],"e":[{"i":[[0,0],[1.82,0],[0,1.82],[-1.82,0],[0,-1.82]],"o":[[0,1.82],[-1.82,0],[0,-1.82],[1.82,0],[0,0]],"v":[[3.294,0.004],[0.004,3.294],[-3.296,0.004],[0.004,-3.296],[3.294,0.004]],"c":false}]},{"i":{"x":0.27,"y":1},"o":{"x":0.4,"y":0},"t":359.666,"s":[{"i":[[0,0],[1.82,0],[0,1.82],[-1.82,0],[0,-1.82]],"o":[[0,1.82],[-1.82,0],[0,-1.82],[1.82,0],[0,0]],"v":[[3.294,0.004],[0.004,3.294],[-3.296,0.004],[0.004,-3.296],[3.294,0.004]],"c":false}],"e":[{"i":[[0,0],[0.835,0],[0,0.835],[-0.835,0],[0,-0.835]],"o":[[0,0.835],[-0.835,0],[0,-0.835],[0.835,0],[0,0]],"v":[[6.211,0.072],[4.702,1.581],[3.189,0.072],[4.702,-1.441],[6.211,0.072]],"c":false}]},{"t":450}],"ix":2},"nm":"Path 1","mn":"ADBE Vector Shape - Group","hd":false},{"ty":"fl","c":{"a":0,"k":[0,0,0,1],"ix":4},"o":{"a":0,"k":100,"ix":5},"r":1,"bm":0,"nm":"Fill 1","mn":"ADBE Vector Graphic - Fill","hd":false},{"ty":"tr","p":{"a":0,"k":[46,48],"ix":2},"a":{"a":0,"k":[0,0],"ix":1},"s":{"a":0,"k":[600,600],"ix":3},"r":{"a":0,"k":0,"ix":6},"o":{"a":0,"k":100,"ix":7},"sk":{"a":0,"k":0,"ix":4},"sa":{"a":0,"k":0,"ix":5},"nm":"Transform"}],"nm":"dot1","np":2,"cix":2,"bm":0,"ix":2,"mn":"ADBE Vector Group","hd":false},{"ty":"gr","it":[{"ind":0,"ty":"sh","ix":1,"ks":{"a":1,"k":[{"i":{"x":0.27,"y":1},"o":{"x":0.4,"y":0},"t":179,"s":[{"i":[[0,0],[0.836,0],[0,0.836],[-0.836,0],[0,-0.836]],"o":[[0,0.836],[-0.836,0],[0,-0.836],[0.836,0],[0,0]],"v":[[-2.331,0.178],[-3.842,1.689],[-5.358,0.178],[-3.842,-1.337],[-2.331,0.178]],"c":false}],"e":[{"i":[[0,0],[1.82,0],[0,1.82],[-1.82,0],[0,-1.82]],"o":[[0,1.82],[-1.82,0],[0,-1.82],[1.82,0],[0,0]],"v":[[3.294,0.004],[0.004,3.294],[-3.296,0.004],[0.004,-3.296],[3.294,0.004]],"c":false}]},{"i":{"x":0.27,"y":1},"o":{"x":0.4,"y":0},"t":269.334,"s":[{"i":[[0,0],[1.82,0],[0,1.82],[-1.82,0],[0,-1.82]],"o":[[0,1.82],[-1.82,0],[0,-1.82],[1.82,0],[0,0]],"v":[[3.294,0.004],[0.004,3.294],[-3.296,0.004],[0.004,-3.296],[3.294,0.004]],"c":false}],"e":[{"i":[[0,0],[1.82,0],[0,1.82],[-1.82,0],[0,-1.82]],"o":[[0,1.82],[-1.82,0],[0,-1.82],[1.82,0],[0,0]],"v":[[3.294,0.004],[0.004,3.294],[-3.296,0.004],[0.004,-3.296],[3.294,0.004]],"c":false}]},{"i":{"x":0.27,"y":1},"o":{"x":0.4,"y":0},"t":359.666,"s":[{"i":[[0,0],[1.82,0],[0,1.82],[-1.82,0],[0,-1.82]],"o":[[0,1.82],[-1.82,0],[0,-1.82],[1.82,0],[0,0]],"v":[[3.294,0.004],[0.004,3.294],[-3.296,0.004],[0.004,-3.296],[3.294,0.004]],"c":false}],"e":[{"i":[[0,0],[0.836,0],[0,0.836],[-0.836,0],[0,-0.836]],"o":[[0,0.836],[-0.836,0],[0,-0.836],[0.836,0],[0,0]],"v":[[-2.331,0.178],[-3.842,1.689],[-5.358,0.178],[-3.842,-1.337],[-2.331,0.178]],"c":false}]},{"t":450}],"ix":2},"nm":"Path 1","mn":"ADBE Vector Shape - Group","hd":false},{"ty":"fl","c":{"a":0,"k":[0,0,0,1],"ix":4},"o":{"a":0,"k":100,"ix":5},"r":1,"bm":0,"nm":"Fill 1","mn":"ADBE Vector Graphic - Fill","hd":false},{"ty":"tr","p":{"a":0,"k":[-52,48],"ix":2},"a":{"a":0,"k":[0,0],"ix":1},"s":{"a":0,"k":[600,600],"ix":3},"r":{"a":0,"k":0,"ix":6},"o":{"a":0,"k":100,"ix":7},"sk":{"a":0,"k":0,"ix":4},"sa":{"a":0,"k":0,"ix":5},"nm":"Transform"}],"nm":"dot2","np":2,"cix":2,"bm":0,"ix":3,"mn":"ADBE Vector Group","hd":false}],"ip":0,"op":643,"st":0,"bm":0},{"ddd":0,"ind":8,"ty":4,"nm":"yellow","parent":11,"sr":1,"ks":{"o":{"a":0,"k":100,"ix":11},"r":{"a":0,"k":0,"ix":10},"p":{"a":0,"k":[-1.011,-135.018,0],"ix":2},"a":{"a":0,"k":[0,0,0],"ix":1},"s":{"a":0,"k":[100,100,100],"ix":6}},"ao":0,"shapes":[{"ty":"gr","it":[{"ind":0,"ty":"sh","ix":1,"ks":{"a":0,"k":{"i":[[0,0],[0.33,0.25],[-0.6,0.81],[-9.41,0],[-5.69,-7.62],[0.81,-0.6],[0.61,0.81],[8.34,0],[5,-6.74],[0.56,0]],"o":[[-0.38,0],[-0.81,-0.6],[5.62,-7.56],[9.5,0],[0.61,0.81],[-0.81,0.61],[-5,-6.69],[-8.38,0],[-0.36,0.48],[0,0]],"v":[[-22.489,7.493],[-23.579,7.133],[-23.959,4.573],[0.031,-7.497],[23.951,4.493],[23.581,7.053],[21.021,6.683],[0.031,-3.837],[-21.019,6.763],[-22.489,7.493]],"c":false},"ix":2},"nm":"Path 1","mn":"ADBE Vector Shape - Group","hd":false},{"ty":"fl","c":{"a":0,"k":[0.976000010967,0.819999992847,0.305999994278,1],"ix":4},"o":{"a":0,"k":100,"ix":5},"r":1,"bm":0,"nm":"Fill 1","mn":"ADBE Vector Graphic - Fill","hd":false},{"ty":"tr","p":{"a":0,"k":[0,0],"ix":2},"a":{"a":0,"k":[0,0],"ix":1},"s":{"a":0,"k":[600,600],"ix":3},"r":{"a":0,"k":0,"ix":6},"o":{"a":0,"k":100,"ix":7},"sk":{"a":0,"k":0,"ix":4},"sa":{"a":0,"k":0,"ix":5},"nm":"Transform"}],"nm":"Fill 7","np":2,"cix":2,"bm":0,"ix":1,"mn":"ADBE Vector Group","hd":false}],"ip":0,"op":643,"st":0,"bm":0},{"ddd":0,"ind":9,"ty":4,"nm":"blue","parent":11,"sr":1,"ks":{"o":{"a":0,"k":100,"ix":11},"r":{"a":0,"k":0,"ix":10},"p":{"a":0,"k":[92.987,49.304,0],"ix":2},"a":{"a":0,"k":[0,0,0],"ix":1},"s":{"a":0,"k":[100,100,100],"ix":6}},"ao":0,"shapes":[{"ty":"gr","it":[{"ind":0,"ty":"sh","ix":1,"ks":{"a":0,"k":{"i":[[0,0],[0.11,0.94],[-1,0.11],[0,13.31],[1.42,3.28],[-0.93,0.4],[-0.4,-0.93],[0,-4.12],[15.05,-1.74],[0.07,0]],"o":[[-0.92,0],[-0.11,-1],[13.21,-1.53],[0,-3.62],[-0.4,-0.93],[0.93,-0.4],[1.62,3.75],[0,15.17],[-0.07,0.01],[0,0]],"v":[[-12.392,21.314],[-14.212,19.694],[-12.602,17.674],[10.568,-8.356],[8.418,-18.756],[9.368,-21.166],[11.778,-20.216],[14.218,-8.356],[-12.182,21.304],[-12.392,21.314]],"c":false},"ix":2},"nm":"Path 1","mn":"ADBE Vector Shape - Group","hd":false},{"ty":"fl","c":{"a":0,"k":[0,0.662999987602,0.902000010014,1],"ix":4},"o":{"a":0,"k":100,"ix":5},"r":1,"bm":0,"nm":"Fill 1","mn":"ADBE Vector Graphic - Fill","hd":false},{"ty":"tr","p":{"a":0,"k":[0,0],"ix":2},"a":{"a":0,"k":[0,0],"ix":1},"s":{"a":0,"k":[600,600],"ix":3},"r":{"a":0,"k":0,"ix":6},"o":{"a":0,"k":100,"ix":7},"sk":{"a":0,"k":0,"ix":4},"sa":{"a":0,"k":0,"ix":5},"nm":"Transform"}],"nm":"Fill 4","np":2,"cix":2,"bm":0,"ix":1,"mn":"ADBE Vector Group","hd":false}],"ip":0,"op":643,"st":0,"bm":0},{"ddd":0,"ind":10,"ty":4,"nm":"red","parent":11,"sr":1,"ks":{"o":{"a":0,"k":100,"ix":11},"r":{"a":0,"k":0,"ix":10},"p":{"a":0,"k":[-94.636,49.163,0],"ix":2},"a":{"a":0,"k":[0,0,0],"ix":1},"s":{"a":0,"k":[100,100,100],"ix":6}},"ao":0,"shapes":[{"ty":"gr","it":[{"ind":0,"ty":"sh","ix":1,"ks":{"a":0,"k":{"i":[[0,0],[0.07,0.01],[0,15.18],[-1.64,3.76],[-0.93,-0.4],[0.41,-0.93],[0,-3.63],[-13.21,-1.52],[0.12,-1],[0.92,0]],"o":[[-0.07,0],[-15.06,-1.73],[0,-4.14],[0.4,-0.93],[0.92,0.41],[-1.43,3.3],[0,13.32],[1.01,0.11],[-0.1,0.93],[0,0]],"v":[[12.402,21.339],[12.192,21.329],[-14.228,-8.331],[-11.758,-20.241],[-9.348,-21.191],[-8.408,-18.781],[-10.568,-8.331],[12.602,17.699],[14.212,19.719],[12.402,21.339]],"c":false},"ix":2},"nm":"Path 1","mn":"ADBE Vector Shape - Group","hd":false},{"ty":"fl","c":{"a":0,"k":[0.866999983788,0,0.105999998748,1],"ix":4},"o":{"a":0,"k":100,"ix":5},"r":1,"bm":0,"nm":"Fill 1","mn":"ADBE Vector Graphic - Fill","hd":false},{"ty":"tr","p":{"a":0,"k":[0,0],"ix":2},"a":{"a":0,"k":[0,0],"ix":1},"s":{"a":0,"k":[600,600],"ix":3},"r":{"a":0,"k":0,"ix":6},"o":{"a":0,"k":100,"ix":7},"sk":{"a":0,"k":0,"ix":4},"sa":{"a":0,"k":0,"ix":5},"nm":"Transform"}],"nm":"Fill 1","np":2,"cix":2,"bm":0,"ix":1,"mn":"ADBE Vector Group","hd":false}],"ip":0,"op":643,"st":0,"bm":0},{"ddd":0,"ind":11,"ty":3,"nm":"rotate","sr":1,"ks":{"o":{"a":0,"k":0,"ix":11},"r":{"a":1,"k":[{"i":{"x":[0.833],"y":[0.833]},"o":{"x":[0.167],"y":[0.167]},"t":0,"s":[-360],"e":[0]},{"i":{"x":[0.833],"y":[0.833]},"o":{"x":[0.167],"y":[0.167]},"t":180,"s":[0],"e":[720]},{"t":539}],"ix":10},"p":{"a":0,"k":[90,90,0],"ix":2},"a":{"a":0,"k":[0,0,0],"ix":1},"s":{"a":0,"k":[16.667,16.667,100],"ix":6}},"ao":0,"ip":0,"op":643,"st":0,"bm":0}],"markers":[]}