{"v":"5.1.12","fr":30,"ip":0,"op":21,"w":552,"h":72,"nm":"live house 消失","ddd":0,"assets":[{"id":"image_0","w":51,"h":71,"u":"images/","p":"img_0.png"},{"id":"image_1","w":64,"h":71,"u":"images/","p":"img_1.png"},{"id":"image_2","w":581,"h":71,"u":"images/","p":"img_2.png"}],"layers":[{"ddd":0,"ind":1,"ty":2,"nm":"图层 9","refId":"image_0","sr":1,"ks":{"o":{"a":0,"k":100,"ix":11},"r":{"a":0,"k":0,"ix":10},"p":{"s":true,"x":{"a":1,"k":[{"i":{"x":[0.667],"y":[1]},"o":{"x":[0.333],"y":[0]},"n":["0p667_1_0p333_0"],"t":0,"s":[454.5],"e":[526.5]},{"i":{"x":[0.667],"y":[1]},"o":{"x":[0.333],"y":[0]},"n":["0p667_1_0p333_0"],"t":9,"s":[526.5],"e":[-37.5]},{"t":21}],"ix":3},"y":{"a":0,"k":36.25,"ix":4}},"a":{"a":0,"k":[25.5,35.5,0],"ix":1},"s":{"a":0,"k":[100,100,100],"ix":6}},"ao":0,"ip":0,"op":21,"st":0,"bm":0},{"ddd":0,"ind":2,"ty":2,"nm":"图层 13","refId":"image_1","sr":1,"ks":{"o":{"a":0,"k":100,"ix":11},"r":{"a":0,"k":0,"ix":10},"p":{"s":true,"x":{"a":1,"k":[{"i":{"x":[0.667],"y":[1]},"o":{"x":[0.333],"y":[0]},"n":["0p667_1_0p333_0"],"t":1,"s":[428],"e":[500]},{"i":{"x":[0.667],"y":[1]},"o":{"x":[0.333],"y":[0]},"n":["0p667_1_0p333_0"],"t":9,"s":[500],"e":[-64]},{"t":20}],"ix":3},"y":{"a":0,"k":36.25,"ix":4}},"a":{"a":0,"k":[32,35.5,0],"ix":1},"s":{"a":0,"k":[100,100,100],"ix":6}},"ao":0,"ip":0,"op":21,"st":0,"bm":0},{"ddd":0,"ind":3,"ty":2,"nm":"图层 12","refId":"image_2","sr":1,"ks":{"o":{"a":0,"k":100,"ix":11},"r":{"a":0,"k":0,"ix":10},"p":{"s":true,"x":{"a":1,"k":[{"i":{"x":[0.667],"y":[1]},"o":{"x":[0.333],"y":[0]},"n":["0p667_1_0p333_0"],"t":2,"s":[136.5],"e":[208.5]},{"i":{"x":[0.667],"y":[1]},"o":{"x":[0.333],"y":[0]},"n":["0p667_1_0p333_0"],"t":9,"s":[208.5],"e":[-355.5]},{"t":19}],"ix":3},"y":{"a":0,"k":36.25,"ix":4}},"a":{"a":0,"k":[290.5,35.5,0],"ix":1},"s":{"a":0,"k":[100,100,100],"ix":6}},"ao":0,"ip":0,"op":21,"st":0,"bm":0}],"markers":[]}