{"v":"5.4.4","fr":25,"ip":50,"op":100,"w":150,"h":150,"nm":"3x","ddd":0,"assets":[],"layers":[{"ddd":0,"ind":1,"ty":4,"nm":"形状图层 2","sr":1,"ks":{"o":{"a":0,"k":100,"ix":11},"r":{"a":0,"k":0,"ix":10},"p":{"a":0,"k":[75,75,0],"ix":2},"a":{"a":0,"k":[-288.66,-214.66,0],"ix":1},"s":{"a":0,"k":[100,100,100],"ix":6}},"ao":0,"shapes":[{"ty":"gr","it":[{"d":1,"ty":"el","s":{"a":1,"k":[{"i":{"x":[0.371,0.371],"y":[1,1]},"o":{"x":[0.623,0.623],"y":[0,0]},"t":50,"s":[60,60],"e":[75,75]},{"i":{"x":[0.371,0.371],"y":[1,1]},"o":{"x":[0.623,0.623],"y":[0,0]},"t":75,"s":[75,75],"e":[60,60]},{"i":{"x":[0.371,0.371],"y":[1,1]},"o":{"x":[0.601,0.601],"y":[0,0]},"t":100,"s":[60,60],"e":[75,75]},{"i":{"x":[0.371,0.371],"y":[1,1]},"o":{"x":[0.623,0.623],"y":[0,0]},"t":125,"s":[75,75],"e":[60,60]},{"i":{"x":[0.371,0.371],"y":[1,1]},"o":{"x":[0.592,0.592],"y":[0,0]},"t":150,"s":[60,60],"e":[75,75]},{"i":{"x":[0.371,0.371],"y":[1,1]},"o":{"x":[0.623,0.623],"y":[0,0]},"t":175,"s":[75,75],"e":[60,60]},{"t":200}],"ix":2},"p":{"a":0,"k":[0,0],"ix":3},"nm":"椭圆路径 1","mn":"ADBE Vector Shape - Ellipse","hd":false},{"ty":"fl","c":{"a":0,"k":[1,1,1,1],"ix":4},"o":{"a":0,"k":100,"ix":5},"r":1,"bm":0,"nm":"填充 1","mn":"ADBE Vector Graphic - Fill","hd":false},{"ty":"tr","p":{"a":0,"k":[-288.66,-214.66],"ix":2},"a":{"a":0,"k":[0,0],"ix":1},"s":{"a":0,"k":[100,100],"ix":3},"r":{"a":0,"k":0,"ix":6},"o":{"a":1,"k":[{"i":{"x":[0.833],"y":[1]},"o":{"x":[0.167],"y":[0]},"t":45,"s":[0],"e":[50]},{"i":{"x":[0.667],"y":[1]},"o":{"x":[0.333],"y":[0]},"t":50,"s":[50],"e":[100]},{"i":{"x":[0.833],"y":[1]},"o":{"x":[0.333],"y":[0]},"t":75,"s":[100],"e":[50]},{"i":{"x":[0.667],"y":[1]},"o":{"x":[0.333],"y":[0]},"t":100,"s":[50],"e":[100]},{"i":{"x":[0.833],"y":[1]},"o":{"x":[0.333],"y":[0]},"t":125,"s":[100],"e":[50]},{"i":{"x":[0.667],"y":[1]},"o":{"x":[0.333],"y":[0]},"t":150,"s":[50],"e":[100]},{"i":{"x":[0.667],"y":[1]},"o":{"x":[0.333],"y":[0]},"t":175,"s":[100],"e":[50]},{"t":200}],"ix":7},"sk":{"a":0,"k":0,"ix":4},"sa":{"a":0,"k":0,"ix":5},"nm":"变换"}],"nm":"椭圆 1","np":2,"cix":2,"bm":0,"ix":1,"mn":"ADBE Vector Group","hd":false}],"ip":0,"op":250,"st":0,"bm":0},{"ddd":0,"ind":2,"ty":4,"nm":"形状图层 1","sr":1,"ks":{"o":{"a":0,"k":100,"ix":11},"r":{"a":0,"k":0,"ix":10},"p":{"a":0,"k":[75,75,0],"ix":2},"a":{"a":0,"k":[-288.66,-214.66,0],"ix":1},"s":{"a":0,"k":[100,100,100],"ix":6}},"ao":0,"shapes":[{"ty":"gr","it":[{"d":1,"ty":"el","s":{"a":1,"k":[{"i":{"x":[0.448,0.448],"y":[1,1]},"o":{"x":[0.694,0.694],"y":[0,0]},"t":50,"s":[60,60],"e":[150,150]},{"i":{"x":[0.477,0.477],"y":[1,1]},"o":{"x":[0.56,0.56],"y":[0,0]},"t":75,"s":[150,150],"e":[60,60]},{"i":{"x":[0.448,0.448],"y":[1,1]},"o":{"x":[0.694,0.694],"y":[0,0]},"t":100,"s":[60,60],"e":[150,150]},{"i":{"x":[0.491,0.491],"y":[1,1]},"o":{"x":[0.55,0.55],"y":[0,0]},"t":125,"s":[150,150],"e":[60,60]},{"i":{"x":[0.448,0.448],"y":[1,1]},"o":{"x":[0.694,0.694],"y":[0,0]},"t":150,"s":[60,60],"e":[150,150]},{"i":{"x":[0.528,0.528],"y":[1,1]},"o":{"x":[0.587,0.587],"y":[0,0]},"t":175,"s":[150,150],"e":[60,60]},{"t":200}],"ix":2},"p":{"a":0,"k":[0,0],"ix":3},"nm":"椭圆路径 1","mn":"ADBE Vector Shape - Ellipse","hd":false},{"ty":"fl","c":{"a":0,"k":[1,1,1,1],"ix":4},"o":{"a":0,"k":100,"ix":5},"r":1,"bm":0,"nm":"填充 1","mn":"ADBE Vector Graphic - Fill","hd":false},{"ty":"tr","p":{"a":0,"k":[-288.66,-214.66],"ix":2},"a":{"a":0,"k":[0,0],"ix":1},"s":{"a":0,"k":[100,100],"ix":3},"r":{"a":0,"k":0,"ix":6},"o":{"a":1,"k":[{"i":{"x":[0.833],"y":[1]},"o":{"x":[0.167],"y":[0]},"t":45,"s":[0],"e":[10]},{"i":{"x":[0.667],"y":[1]},"o":{"x":[0.333],"y":[0]},"t":50,"s":[10],"e":[20]},{"i":{"x":[0.833],"y":[1]},"o":{"x":[0.333],"y":[0]},"t":75,"s":[20],"e":[10]},{"i":{"x":[0.667],"y":[1]},"o":{"x":[0.333],"y":[0]},"t":100,"s":[10],"e":[20]},{"i":{"x":[0.833],"y":[1]},"o":{"x":[0.333],"y":[0]},"t":125,"s":[20],"e":[10]},{"i":{"x":[0.667],"y":[1]},"o":{"x":[0.333],"y":[0]},"t":150,"s":[10],"e":[20]},{"i":{"x":[0.667],"y":[1]},"o":{"x":[0.333],"y":[0]},"t":175,"s":[20],"e":[10]},{"t":200}],"ix":7},"sk":{"a":0,"k":0,"ix":4},"sa":{"a":0,"k":0,"ix":5},"nm":"变换"}],"nm":"椭圆 1","np":2,"cix":2,"bm":0,"ix":1,"mn":"ADBE Vector Group","hd":false}],"ip":0,"op":250,"st":0,"bm":0}],"markers":[]}