﻿{
  "on": true,
  "er": {
    "on": true,
    "pattern": 2,
    "rsize": 90,
    "sdelay": 40
  },
  "rvb": {
    "pdelay": 110,
    "dtime": 2.5,
    "hfdamping": 2.79,
    "density": 57,
    "rshape": 40,
    "q": 8,
    "diffusion": 44,
    "swidth": 180
  },
  "tc": {
    "on": true,
    "f": [
      {
        "band": 1,
        "insert": 3,
        "curve": 0,
        "gain": -4,
        "freq": 200,
        "q": 1
      },
      {
        "band": 2,
        "insert": 3,
        "curve": 1,
        "gain": 0,
        "freq": 2000,
        "q": 0.5
      },
      {
        "band": 3,
        "insert": 3,
        "curve": 2,
        "gain": 0,
        "freq": 8000,
        "q": 0.5
      }
    ]
  },
  "il": {
    "center": 0,
    "lfe": 0
  },
  "rl": {
    "front": 0,
    "rear": 0,
    "center": 0,
    "lfe": 0
  },
  "ol": {
    "dry": 0,
    "er": -5,
    "rvb": -24
  }
}