﻿{
  "on": true,
  "er": {
    "on": true,
    "pattern": 15,
    "rsize": 100,
    "sdelay": 40
  },
  "rvb": {
    "pdelay": 130,
    "dtime": 3.5,
    "hfdamping": 3.5,
    "density": 80,
    "rshape": 100,
    "q": 6,
    "diffusion": 80,
    "swidth": 180
  },
  "tc": {
    "on": true,
    "f": [
      {
        "band": 1,
        "insert": 3,
        "curve": 0,
        "gain": 2,
        "freq": 125,
        "q": 1
      },
      {
        "band": 2,
        "insert": 3,
        "curve": 1,
        "gain": -6,
        "freq": 2000,
        "q": 0.5
      },
      {
        "band": 3,
        "insert": 3,
        "curve": 2,
        "gain": -4,
        "freq": 8000,
        "q": 0.5
      }
    ]
  },
  "il": {
    "center": 0,
    "lfe": 0
  },
  "rl": {
    "front": 0,
    "rear": 0,
    "center": 0,
    "lfe": 0
  },
  "ol": {
    "dry": 0,
    "er": -30,
    "rvb": -25
  }
}