﻿{
  "on": true,
  "er": {
    "on": true,
    "pattern": 17,
    "rsize": 85,
    "sdelay": 40
  },
  "rvb": {
    "pdelay": 100,
    "dtime": 2.59,
    "hfdamping": 3.39,
    "density": 70,
    "rshape": 40,
    "q": 8,
    "diffusion": 52,
    "swidth": 160
  },
  "tc": {
    "on": true,
    "f": [
      {
        "band": 1,
        "insert": 3,
        "curve": 0,
        "gain": -6,
        "freq": 200,
        "q": 1
      },
      {
        "band": 2,
        "insert": 3,
        "curve": 1,
        "gain": 0,
        "freq": 2000,
        "q": 0.5
      },
      {
        "band": 3,
        "insert": 3,
        "curve": 2,
        "gain": -3.5,
        "freq": 8000,
        "q": 0.5
      }
    ]
  },
  "il": {
    "center": 0,
    "lfe": 0
  },
  "rl": {
    "front": 0,
    "rear": 0,
    "center": 0,
    "lfe": 0
  },
  "ol": {
    "dry": 0,
    "er": -12,
    "rvb": -21
  }
}