﻿{
  "on": true,
  "er": {
    "on": true,
    "pattern": 18,
    "rsize": 80,
    "sdelay": 40
  },
  "rvb": {
    "pdelay": 0,
    "dtime": 2.4,
    "hfdamping": 2,
    "density": 60,
    "rshape": 74,
    "q": 6,
    "diffusion": 80,
    "swidth": 90
  },
  "tc": {
    "on": true,
    "f": [
      {
        "band": 1,
        "insert": 3,
        "curve": 0,
        "gain": -6,
        "freq": 250,
        "q": 1
      },
      {
        "band": 2,
        "insert": 3,
        "curve": 1,
        "gain": 0,
        "freq": 2000,
        "q": 0.5
      },
      {
        "band": 3,
        "insert": 3,
        "curve": 2,
        "gain": -3,
        "freq": 8000,
        "q": 0.5
      }
    ]
  },
  "il": {
    "center": 0,
    "lfe": 0
  },
  "rl": {
    "front": 0,
    "rear": 0,
    "center": 0,
    "lfe": 0
  },
  "ol": {
    "dry": 0,
    "er": -30,
    "rvb": -19
  }
}