<?xml version="1.0" encoding="UTF-8"?>
<Theme version="1">
    <!-- Wallpaper name/Background color and transparency -->
    <Wallpaper bg_color="#00000000" image="funbg"></Wallpaper>
    <!-- folder thumbnail -->

    <!-- folder thumbnail base -->
    <!-- folder thumbnail cover (open) -->
    <!-- folder thumbnail cover (close) -->
    <Foldericon bottom="appfunc_folderback" top_closed="appfunc_folder_close_up"
                top_open="appfunc_folder_open">
        <!-- <Bottom></Bottom> <Top_open></Top_open> <Top_closed></Top_closed> -->
    </Foldericon>
    <!-- Folder -->
    <!-- Folder deploy and protract mode -->
    <!-- Editor of Folder deploy and protract mode -->
    <!-- Folder contract button -->
    <Folder bg_frame_image="folderopenback" bg_frame_image_bottom_heigth="34"
            bg_frame_way_of_drawing="1"
            editbox="appfunc_rename" folder_open_bg_color="#66000000" line_enabled="1"
            up_button="folderclose" up_button_selected="folder_close_light">
        <!-- <Bg_frame way_of_drawing=""></Bg_frame> <Editbox way_of_drawing=""></Editbox>
            <Up></Up> -->
    </Folder>
    <!-- All Tab -->
    <!-- All Tab Background (vertical) -->
    <!-- All Tab Background (horizontal) -->
    <AllTabs bg_h_image="none" bg_v_image="none" bg_way_of_drawing="1">
        <!--<Bg_v way_of_drawing=""></Bg_v> <Bg_h way_of_drawing=""></Bg_h> -->
    </AllTabs>
    <!-- Single Tab -->
    <!-- Single Tab Background (vertical) -->
    <!-- Single Tab Background (horizontal) -->
    <!-- Single Tab selection Pic (vertical) -->
    <!-- Single Tab selection Pic (horizontal) -->
    <!-- Single Tab click and focus Pic (vertical) -->
    <!-- Single Tab click and focus Pic (horizontal) -->
    <!-- Tab division switch -->
    <!-- Tab screen switch -->
    <Tab bg_h_image="tab_h" bg_v_image="tab_v" bg_way_of_drawing="2" cutLine_enabled="0"
         focused_h_image="tabfocused_h" focused_v_image="tabfocused_v" focused_way_of_drawing="2"
         orientation_enabled="1" selected_h_image="tablight_h" selected_v_image="tablight_v"
         selected_way_of_drawing="2">
        <!-- <Bg_v way_of_drawing=""></Bg_v> <Bg_h way_of_drawing=""></Bg_h> <Selected_v
            way_of_drawing="1"></Selected_v> <Selected_h way_of_drawing="1"></Selected_h>
            <Focused_v way_of_drawing="1"></Focused_v> <Focused_h way_of_drawing="1"></Focused_h>
            <CutLine_enabled></CutLine_enabled> -->
    </Tab>
    <!-- All Tab Icon -->
    <!-- Unselected Icon -->
    <!-- Selected Icon -->
    <TabIcon name="AllApps" selected="allapp_selected" unselected="allapp">
        <!-- <Unselected></Unselected> <Selected></Selected> -->
    </TabIcon>
    <!-- Recent Tab Icon -->
    <!-- Unselected Icon -->
    <!-- Selected Icon -->
    <TabIcon name="RecentApps" selected="history_selected" unselected="history">
        <!-- <Unselected></Unselected> <Selected></Selected> -->
    </TabIcon>
    <!-- Running Tab Icon -->
    <!-- Unselected Icon -->
    <!-- Selected Icon -->
    <TabIcon name="Process" selected="run_selected" unselected="run">
        <!-- <Unselected></Unselected> <Selected></Selected> -->
    </TabIcon>
    <!-- Tab name -->
    <!-- Unselected font color -->
    <!-- Selected font color -->
    <!-- gap betweend fond and bottom(vertical) -->
    <!-- gap betweend fond and bottom(horizontal) -->
    <TabTitle gap_h="40" gap_v="16" selected="#FFFFFFFF" unselected="#FFDBDBDB">
        <!-- <Unselected></Unselected> <Selected></Selected> <Gap_v></Gap_v> <Gap_h></Gap_h> -->
    </TabTitle>
    <!-- Home icon -->
    <!-- Unselected Icon -->
    <!-- Selected Icon -->
    <!-- Background (vertical) -->
    <!-- Background (horizontal) -->
    <!-- Background Color -->
    <Home bg_color="#FF00000F" bg_h_image="none" bg_v_image="homebg"
          bg_way_of_drawing="1" selected="shortcut_light_iconbg" unselected="appfunchome">
        <!-- <Unselected></Unselected> <Selected></Selected> <Bg_v way_of_drawing=""></Bg_v>
            <Bg_h way_of_drawing=""></Bg_h> <Bg_color></Bg_color> -->
    </Home>
    <!-- Move to desk -->
    <!-- Background (vertical) -->
    <!-- Background (horizontal) -->
    <!-- Font color -->
    <MoveToDesk bg_color="#FFFFFFFF" bg_h_image="none" bg_v_image="appfunc_movetodesk"
                bg_way_of_drawing="1">
        <!-- <Bg_v way_of_drawing=""></Bg_v> <Bg_h way_of_drawing=""></Bg_h> <Bg_color></Bg_color> -->
    </MoveToDesk>
    <!-- Clear History -->
    <!-- Background (vertical) -->
    <!-- Background (horizontal) -->
    <!-- Background color -->
    <ClearHistory bg_color="#FFFFFFFF" bg_h_selected_image="button_h2"
                  bg_h_unselected_image="button_h" bg_selected_way_of_drawing="1"
                  bg_unselected_way_of_drawing="1" bg_v_selected_image="button_v2"
                  bg_v_unselected_image="button_v">
        <!-- <Bg_v way_of_drawing=""></Bg_v> <Bg_h way_of_drawing=""></Bg_h> <Bg_color></Bg_color> -->
    </ClearHistory>
    <!-- Close all programes -->
    <!-- Background (vertical) -->
    <!-- Background (horizontal) -->
    <!-- font color -->
    <CloseRunning bg_color="#FFFFFFFF" bg_h_selected_image="button_h2"
                  bg_h_unselected_image="button_h" bg_selected_way_of_drawing="1"
                  bg_unselected_way_of_drawing="1" bg_v_selected_image="button_v2"
                  bg_v_unselected_image="button_v">
        <!-- <Bg_v way_of_drawing=""></Bg_v> <Bg_h way_of_drawing=""></Bg_h> <Bg_color></Bg_color> -->
    </CloseRunning>
    <Indicator indicator_h="appfunc_screenother"
               indicator_h_current="appfunc_screennow"></Indicator>
    <!-- Application Font color -->
    <!-- Application background(focus) color -->
    <AppIcon text_bg_color="#FF007FEB" text_color="#FFFFFFFF"></AppIcon>
    <!-- Theme configuration -->
    <!-- Grid Size -->
    <AppSetting grid_format="1"></AppSetting>
</Theme>

