<?xml version="1.0" encoding="utf-8"?><!--
  ~ Copyright (c) 2017 Jahir Fiquitiva
  ~
  ~ Licensed under the CreativeCommons Attribution-ShareAlike
  ~ 4.0 International License. You may not use this file except in compliance
  ~ with the License. You may obtain a copy of the License at
  ~
  ~    http://creativecommons.org/licenses/by-sa/4.0/legalcode
  ~
  ~ Unless required by applicable law or agreed to in writing, software
  ~ distributed under the License is distributed on an "AS IS" BASIS,
  ~ WITHOUT WARRANTIES OR CONDITIONS OF ANY KIND, either express or implied.
  ~ See the License for the specific language governing permissions and
  ~ limitations under the License.
  ~
  ~ Special thanks to the project contributors and collaborators
  ~ 	https://github.com/jahirfiquitiva/IconShowcase#special-thanks
  -->

<!-- This is for Atom Launcher -->
<themeInfo>
    <packageName>me.morirain.dev.iconpack.pure</packageName>
    <versionName>1.0</versionName>
    <versionCode>1</versionCode>
    <themeName>PureIconPack</themeName>
    <!-- Default Component Color -->
    <themePointColor>#00b0ff</themePointColor>
    <themePreview img1="preview1" />
    <preview img1="preview1" />
</themeInfo>